alpha,total_samples,big_samples,overall_impr,overall_better_pct,big_impr,big_better_pct,better_impr_median,worse_median,worse_worst10,worse_worst5,worse_worst1
0.0,1404,817,4.8679886,34.04558404558404,4.876405,58.50673194614443,5.3225994,-2.4971604,-8.884944,-10.76154,-20.587467
0.1,1404,817,7.1514606,47.79202279202279,7.1640253,82.12974296205631,7.849306,-6.2715235,-24.293436,-39.248974,-62.673714
0.2,1404,817,8.341801,42.37891737891738,8.356542,72.82741738066095,13.884724,-5.752283,-27.595564,-43.397087,-65.51094
0.3,1404,817,10.587567,44.15954415954416,10.606516,75.8873929008568,15.060913,-3.6219716,-38.00631,-60.246265,-80.97422
0.4,1404,817,13.412124,44.44444444444444,13.436526,76.37698898408813,20.527115,-6.9113493,-26.74386,-39.32618,-64.52829
0.5,1404,817,15.334785,42.592592592592595,15.363031,73.19461444308446,20.547342,-4.513645,-27.645082,-42.124474,-64.41595
0.6,1404,817,18.73808,43.44729344729345,18.773388,74.66340269277846,24.54615,-2.39228,-24.262089,-42.075455,-84.09557
0.7,1404,817,19.322079,43.66096866096866,19.358635,75.03059975520195,18.973648,-12.539774,-44.81733,-67.146515,-109.821724
0.8,1404,817,21.060556,39.173789173789174,21.100855,67.31946144430844,20.255104,-10.780848,-53.08178,-77.274216,-100.48015
0.9,1404,817,23.529316,44.15954415954416,23.575188,75.8873929008568,19.363209,-9.512687,-43.220943,-63.303406,-92.83903
1.0,1404,817,21.41425,32.193732193732195,21.455347,55.32435740514076,26.193588,-9.614372,-68.19524,-92.956375,-128.31335
