split,width_soft,width_mse,coverage_soft,coverage_mse
0,179.84106,187.59698,0.9074074074074074,0.915954415954416
1,180.07619,190.02231,0.9102564102564102,0.9173789173789174
2,178.78535,173.70732,0.8974358974358975,0.9031339031339032
3,182.38506,194.28798,0.9188034188034188,0.9230769230769231
4,172.41847,171.64772,0.8846153846153846,0.8931623931623932
5,179.00977,173.15979,0.9002849002849003,0.8988603988603988
6,176.59648,171.75621,0.8917378917378918,0.8974358974358975
7,160.54399,158.34776,0.8746438746438746,0.8732193732193733
8,175.10909,173.3289,0.8903133903133903,0.9002849002849003
9,181.24956,194.08022,0.9145299145299145,0.9230769230769231
10,176.75499,165.59937,0.8931623931623932,0.886039886039886
11,178.48042,171.50117,0.8945868945868946,0.8945868945868946
12,176.29897,168.19238,0.8917378917378918,0.8888888888888888
13,183.58519,204.22302,0.9173789173789174,0.9316239316239316
14,179.56262,173.18921,0.9045584045584045,0.9002849002849003
15,180.14061,178.13219,0.9116809116809117,0.9116809116809117
16,158.11201,158.10239,0.8732193732193733,0.8703703703703703
17,177.51122,173.28748,0.896011396011396,0.9017094017094017
18,179.87598,171.9182,0.9088319088319088,0.896011396011396
19,179.35231,178.13219,0.9002849002849003,0.9116809116809117
20,178.30617,173.62773,0.8974358974358975,0.9017094017094017
21,174.93349,169.49438,0.8888888888888888,0.8903133903133903
22,179.40205,178.13219,0.905982905982906,0.9116809116809117
23,179.2772,173.28748,0.9031339031339032,0.8988603988603988
24,177.78381,173.98828,0.8974358974358975,0.9045584045584045
25,178.58864,175.2271,0.896011396011396,0.9074074074074074
26,176.13512,168.10121,0.8903133903133903,0.8888888888888888
27,170.02087,168.81789,0.8803418803418803,0.8917378917378918
28,175.57521,166.6887,0.8903133903133903,0.8874643874643875
29,178.7301,173.05725,0.8988603988603988,0.9002849002849003
30,179.57549,176.73022,0.905982905982906,0.9102564102564102
31,183.34435,194.57896,0.9230769230769231,0.9245014245014245
32,177.87013,167.06445,0.8988603988603988,0.8874643874643875
33,172.72424,162.09291,0.8846153846153846,0.8803418803418803
34,173.48802,170.46164,0.8888888888888888,0.8931623931623932
35,177.00465,173.05725,0.8931623931623932,0.8988603988603988
36,177.60303,173.6052,0.896011396011396,0.9017094017094017
37,179.80669,178.13219,0.905982905982906,0.9116809116809117
38,181.20105,192.7399,0.915954415954416,0.9216524216524217
39,179.00977,169.91005,0.9002849002849003,0.8917378917378918
40,172.53723,170.32935,0.886039886039886,0.8931623931623932
41,179.07166,167.72545,0.9002849002849003,0.8874643874643875
42,179.83867,194.08022,0.9045584045584045,0.9230769230769231
43,157.27869,158.97734,0.8703703703703703,0.8746438746438746
44,181.5925,183.97975,0.915954415954416,0.9145299145299145
45,178.47864,178.13219,0.8974358974358975,0.9116809116809117
46,176.36342,173.01802,0.8917378917378918,0.8988603988603988
47,181.80727,202.26088,0.9173789173789174,0.9301994301994302
48,179.2772,174.35594,0.9017094017094017,0.905982905982906
49,179.90662,173.56078,0.9074074074074074,0.9017094017094017
50,181.45413,192.13548,0.915954415954416,0.9202279202279202
51,168.92085,170.32935,0.8774928774928775,0.8931623931623932
52,179.11342,170.59314,0.8988603988603988,0.8945868945868946
53,173.48802,169.75761,0.8874643874643875,0.8903133903133903
54,181.62025,194.08022,0.9188034188034188,0.9230769230769231
55,179.10718,173.63326,0.9002849002849003,0.9031339031339032
56,157.27869,157.52388,0.8703703703703703,0.8703703703703703
57,180.30653,189.01295,0.9074074074074074,0.9173789173789174
58,179.86452,178.13219,0.9102564102564102,0.9116809116809117
59,171.60667,161.35695,0.8817663817663818,0.8760683760683761
60,178.54503,172.7584,0.896011396011396,0.8988603988603988
61,172.72424,169.75761,0.8874643874643875,0.8903133903133903
62,180.49254,178.13219,0.9102564102564102,0.9116809116809117
63,177.811,174.0624,0.896011396011396,0.905982905982906
64,179.90662,183.97975,0.9088319088319088,0.9145299145299145
65,182.3131,194.28798,0.9202279202279202,0.9230769230769231
66,175.5171,169.49438,0.8917378917378918,0.8903133903133903
67,176.67664,168.48827,0.8931623931623932,0.8903133903133903
68,176.14024,175.78438,0.8917378917378918,0.9088319088319088
69,178.73717,168.81789,0.8945868945868946,0.8903133903133903
70,176.7649,169.80664,0.8945868945868946,0.8917378917378918
71,176.64233,171.37236,0.8917378917378918,0.8931623931623932
72,177.80907,173.63326,0.8974358974358975,0.9002849002849003
73,111.27855,100.99537,0.8547008547008547,0.8518518518518519
74,168.5732,167.35216,0.8760683760683761,0.8874643874643875
75,183.07788,195.07794,0.9230769230769231,0.9245014245014245
76,179.57549,178.13219,0.905982905982906,0.9116809116809117
77,179.03502,173.98828,0.9002849002849003,0.9045584045584045
78,178.4767,172.78395,0.8974358974358975,0.8988603988603988
79,176.54832,176.73022,0.8931623931623932,0.9102564102564102
80,154.65149,156.66795,0.8675213675213675,0.8675213675213675
81,178.52405,168.10121,0.8974358974358975,0.8888888888888888
82,176.36342,173.12968,0.8917378917378918,0.9002849002849003
83,180.33789,192.13548,0.9102564102564102,0.9202279202279202
84,179.42531,187.59698,0.905982905982906,0.915954415954416
85,180.4175,192.7399,0.9131054131054132,0.9216524216524217
86,177.19789,172.35245,0.8931623931623932,0.896011396011396
87,185.99638,210.86133,0.9273504273504274,0.9344729344729344
88,172.9535,173.05725,0.886039886039886,0.9002849002849003
89,179.47319,172.18773,0.9045584045584045,0.8974358974358975
90,178.91553,174.6455,0.9031339031339032,0.905982905982906
91,178.20729,173.01527,0.8903133903133903,0.8988603988603988
92,177.38974,172.85597,0.8917378917378918,0.896011396011396
93,180.49254,178.36009,0.9102564102564102,0.9131054131054132
94,187.04518,214.37662,0.9330484330484331,0.9387464387464387
95,177.32045,172.78395,0.896011396011396,0.8988603988603988
96,178.76941,174.64403,0.9002849002849003,0.9074074074074074
97,179.07962,187.59698,0.9002849002849003,0.915954415954416
98,165.01782,160.59938,0.8732193732193733,0.8789173789173789
99,160.54399,169.49438,0.8746438746438746,0.8903133903133903
