eta,F_mse,F_soft
-201.79,0.000000,0.000000
-201.54,0.000000,0.000000
-201.29,0.000000,0.000000
-201.04,0.000000,0.000000
-200.79,0.000000,0.000000
-200.54,0.000000,0.000000
-200.29,0.000000,0.000000
-200.04,0.000000,0.000000
-199.79,0.001224,0.000000
-199.54,0.001224,0.000000
-199.29,0.001224,0.000000
-199.04,0.001224,0.000000
-198.79,0.001224,0.000000
-198.54,0.001224,0.000000
-198.29,0.002448,0.000000
-198.04,0.002448,0.000000
-197.79,0.002448,0.000000
-197.54,0.002448,0.000000
-197.29,0.002448,0.000000
-197.04,0.002448,0.000000
-196.79,0.002448,0.000000
-196.54,0.002448,0.000000
-196.29,0.002448,0.000000
-196.04,0.002448,0.000000
-195.79,0.002448,0.000000
-195.54,0.002448,0.000000
-195.29,0.002448,0.000000
-195.04,0.002448,0.000000
-194.79,0.003672,0.000000
-194.54,0.003672,0.000000
-194.29,0.003672,0.000000
-194.04,0.003672,0.000000
-193.79,0.003672,0.000000
-193.54,0.003672,0.000000
-193.29,0.003672,0.000000
-193.04,0.003672,0.000000
-192.79,0.003672,0.000000
-192.54,0.003672,0.000000
-192.29,0.003672,0.000000
-192.04,0.003672,0.000000
-191.79,0.003672,0.000000
-191.54,0.003672,0.000000
-191.29,0.003672,0.000000
-191.04,0.003672,0.000000
-190.79,0.003672,0.000000
-190.54,0.003672,0.000000
-190.29,0.003672,0.000000
-190.04,0.003672,0.000000
-189.79,0.003672,0.000000
-189.54,0.003672,0.000000
-189.29,0.003672,0.000000
-189.04,0.003672,0.000000
-188.79,0.003672,0.000000
-188.54,0.003672,0.000000
-188.29,0.003672,0.000000
-188.04,0.003672,0.000000
-187.79,0.003672,0.000000
-187.54,0.003672,0.000000
-187.29,0.003672,0.000000
-187.04,0.003672,0.000000
-186.79,0.003672,0.000000
-186.54,0.003672,0.000000
-186.29,0.003672,0.000000
-186.04,0.003672,0.000000
-185.79,0.003672,0.000000
-185.54,0.003672,0.000000
-185.29,0.003672,0.000000
-185.04,0.003672,0.000000
-184.79,0.003672,0.000000
-184.54,0.003672,0.000000
-184.29,0.003672,0.000000
-184.04,0.003672,0.000000
-183.79,0.003672,0.000000
-183.54,0.003672,0.000000
-183.29,0.003672,0.000000
-183.04,0.003672,0.000000
-182.79,0.003672,0.000000
-182.54,0.003672,0.000000
-182.29,0.003672,0.000000
-182.04,0.003672,0.000000
-181.79,0.003672,0.000000
-181.54,0.003672,0.000000
-181.29,0.003672,0.000000
-181.04,0.003672,0.000000
-180.79,0.003672,0.000000
-180.54,0.003672,0.000000
-180.29,0.003672,0.000000
-180.04,0.003672,0.000000
-179.79,0.003672,0.000000
-179.54,0.003672,0.000000
-179.29,0.003672,0.000000
-179.04,0.003672,0.000000
-178.79,0.003672,0.000000
-178.54,0.003672,0.000000
-178.29,0.003672,0.000000
-178.04,0.003672,0.000000
-177.79,0.003672,0.000000
-177.54,0.003672,0.000000
-177.29,0.003672,0.000000
-177.04,0.003672,0.000000
-176.79,0.003672,0.000000
-176.54,0.003672,0.000000
-176.29,0.003672,0.000000
-176.04,0.003672,0.000000
-175.79,0.003672,0.000000
-175.54,0.003672,0.000000
-175.29,0.003672,0.000000
-175.04,0.003672,0.000000
-174.79,0.003672,0.000000
-174.54,0.003672,0.000000
-174.29,0.003672,0.000000
-174.04,0.003672,0.000000
-173.79,0.003672,0.000000
-173.54,0.003672,0.000000
-173.29,0.003672,0.000000
-173.04,0.003672,0.000000
-172.79,0.003672,0.000000
-172.54,0.003672,0.000000
-172.29,0.003672,0.000000
-172.04,0.003672,0.000000
-171.79,0.003672,0.000000
-171.54,0.003672,0.000000
-171.29,0.003672,0.000000
-171.04,0.003672,0.000000
-170.79,0.003672,0.000000
-170.54,0.003672,0.000000
-170.29,0.003672,0.000000
-170.04,0.003672,0.000000
-169.79,0.003672,0.000000
-169.54,0.003672,0.000000
-169.29,0.003672,0.000000
-169.04,0.003672,0.000000
-168.79,0.003672,0.000000
-168.54,0.003672,0.000000
-168.29,0.003672,0.000000
-168.04,0.003672,0.000000
-167.79,0.003672,0.000000
-167.54,0.003672,0.000000
-167.29,0.003672,0.000000
-167.04,0.003672,0.000000
-166.79,0.003672,0.000000
-166.54,0.003672,0.000000
-166.29,0.003672,0.000000
-166.04,0.003672,0.000000
-165.79,0.003672,0.000000
-165.54,0.003672,0.000000
-165.29,0.003672,0.000000
-165.04,0.003672,0.000000
-164.79,0.003672,0.000000
-164.54,0.003672,0.000000
-164.29,0.003672,0.000000
-164.04,0.003672,0.000000
-163.79,0.003672,0.000000
-163.54,0.003672,0.000000
-163.29,0.003672,0.000000
-163.04,0.003672,0.000000
-162.79,0.003672,0.000000
-162.54,0.003672,0.000000
-162.29,0.003672,0.000000
-162.04,0.003672,0.000000
-161.79,0.003672,0.000000
-161.54,0.003672,0.000000
-161.29,0.003672,0.000000
-161.04,0.003672,0.000000
-160.79,0.003672,0.000000
-160.54,0.003672,0.000000
-160.29,0.003672,0.000000
-160.04,0.003672,0.000000
-159.79,0.003672,0.000000
-159.54,0.003672,0.000000
-159.29,0.003672,0.000000
-159.04,0.003672,0.000000
-158.79,0.003672,0.000000
-158.54,0.003672,0.000000
-158.29,0.003672,0.000000
-158.04,0.003672,0.000000
-157.79,0.003672,0.000000
-157.54,0.003672,0.000000
-157.29,0.003672,0.000000
-157.04,0.003672,0.000000
-156.79,0.003672,0.000000
-156.54,0.003672,0.000000
-156.29,0.003672,0.000000
-156.04,0.003672,0.000000
-155.79,0.003672,0.000000
-155.54,0.003672,0.000000
-155.29,0.003672,0.000000
-155.04,0.003672,0.000000
-154.79,0.003672,0.000000
-154.54,0.003672,0.000000
-154.29,0.003672,0.000000
-154.04,0.003672,0.000000
-153.79,0.003672,0.000000
-153.54,0.003672,0.000000
-153.29,0.003672,0.000000
-153.04,0.003672,0.000000
-152.79,0.003672,0.000000
-152.54,0.003672,0.000000
-152.29,0.003672,0.000000
-152.04,0.003672,0.000000
-151.79,0.003672,0.000000
-151.54,0.003672,0.000000
-151.29,0.003672,0.000000
-151.04,0.003672,0.000000
-150.79,0.003672,0.000000
-150.54,0.003672,0.000000
-150.29,0.003672,0.000000
-150.04,0.003672,0.000000
-149.79,0.003672,0.000000
-149.54,0.003672,0.000000
-149.29,0.003672,0.000000
-149.04,0.003672,0.000000
-148.79,0.003672,0.000000
-148.54,0.003672,0.000000
-148.29,0.003672,0.000000
-148.04,0.003672,0.000000
-147.79,0.003672,0.000000
-147.54,0.003672,0.000000
-147.29,0.003672,0.000000
-147.04,0.003672,0.000000
-146.79,0.003672,0.000000
-146.54,0.003672,0.000000
-146.29,0.003672,0.000000
-146.04,0.003672,0.000000
-145.79,0.003672,0.000000
-145.54,0.003672,0.000000
-145.29,0.003672,0.000000
-145.04,0.003672,0.000000
-144.79,0.003672,0.000000
-144.54,0.003672,0.000000
-144.29,0.003672,0.000000
-144.04,0.003672,0.000000
-143.79,0.003672,0.000000
-143.54,0.003672,0.000000
-143.29,0.003672,0.000000
-143.04,0.003672,0.000000
-142.79,0.003672,0.000000
-142.54,0.003672,0.000000
-142.29,0.003672,0.000000
-142.04,0.003672,0.000000
-141.79,0.003672,0.000000
-141.54,0.003672,0.000000
-141.29,0.003672,0.000000
-141.04,0.003672,0.000000
-140.79,0.003672,0.000000
-140.54,0.003672,0.000000
-140.29,0.003672,0.000000
-140.04,0.003672,0.000000
-139.79,0.003672,0.000000
-139.54,0.003672,0.000000
-139.29,0.003672,0.000000
-139.04,0.003672,0.000000
-138.79,0.003672,0.000000
-138.54,0.003672,0.000000
-138.29,0.003672,0.000000
-138.04,0.003672,0.000000
-137.79,0.003672,0.000000
-137.54,0.003672,0.000000
-137.29,0.003672,0.000000
-137.04,0.003672,0.000000
-136.79,0.003672,0.000000
-136.54,0.003672,0.000000
-136.29,0.003672,0.000000
-136.04,0.003672,0.000000
-135.79,0.003672,0.000000
-135.54,0.003672,0.000000
-135.29,0.003672,0.000000
-135.04,0.003672,0.000000
-134.79,0.003672,0.000000
-134.54,0.003672,0.000000
-134.29,0.003672,0.000000
-134.04,0.003672,0.000000
-133.79,0.003672,0.000000
-133.54,0.003672,0.000000
-133.29,0.003672,0.000000
-133.04,0.003672,0.000000
-132.79,0.003672,0.000000
-132.54,0.003672,0.000000
-132.29,0.003672,0.000000
-132.04,0.003672,0.000000
-131.79,0.003672,0.000000
-131.54,0.003672,0.000000
-131.29,0.003672,0.000000
-131.04,0.003672,0.000000
-130.79,0.003672,0.000000
-130.54,0.003672,0.000000
-130.29,0.003672,0.000000
-130.04,0.003672,0.000000
-129.79,0.003672,0.000000
-129.54,0.003672,0.000000
-129.29,0.003672,0.000000
-129.04,0.003672,0.000000
-128.79,0.003672,0.000000
-128.54,0.003672,0.000000
-128.29,0.003672,0.000000
-128.04,0.003672,0.000000
-127.79,0.003672,0.000000
-127.54,0.003672,0.000000
-127.29,0.003672,0.000000
-127.04,0.003672,0.000000
-126.79,0.003672,0.000000
-126.54,0.003672,0.000000
-126.29,0.003672,0.000000
-126.04,0.003672,0.000000
-125.79,0.003672,0.000000
-125.54,0.003672,0.000000
-125.29,0.003672,0.000000
-125.04,0.003672,0.000000
-124.79,0.003672,0.000000
-124.54,0.003672,0.000000
-124.29,0.003672,0.000000
-124.04,0.003672,0.000000
-123.79,0.003672,0.000000
-123.54,0.003672,0.000000
-123.29,0.003672,0.000000
-123.04,0.003672,0.000000
-122.79,0.003672,0.000000
-122.54,0.003672,0.000000
-122.29,0.003672,0.000000
-122.04,0.003672,0.000000
-121.79,0.003672,0.000000
-121.54,0.003672,0.000000
-121.29,0.003672,0.000000
-121.04,0.003672,0.000000
-120.79,0.003672,0.000000
-120.54,0.003672,0.000000
-120.29,0.003672,0.000000
-120.04,0.003672,0.000000
-119.79,0.003672,0.000000
-119.54,0.003672,0.000000
-119.29,0.003672,0.000000
-119.04,0.003672,0.000000
-118.79,0.003672,0.000000
-118.54,0.003672,0.000000
-118.29,0.003672,0.000000
-118.04,0.003672,0.000000
-117.79,0.003672,0.000000
-117.54,0.003672,0.000000
-117.29,0.003672,0.000000
-117.04,0.003672,0.000000
-116.79,0.003672,0.000000
-116.54,0.003672,0.000000
-116.29,0.003672,0.000000
-116.04,0.003672,0.000000
-115.79,0.003672,0.000000
-115.54,0.003672,0.000000
-115.29,0.003672,0.000000
-115.04,0.003672,0.000000
-114.79,0.003672,0.000000
-114.54,0.003672,0.000000
-114.29,0.003672,0.000000
-114.04,0.003672,0.000000
-113.79,0.003672,0.000000
-113.54,0.003672,0.000000
-113.29,0.003672,0.000000
-113.04,0.003672,0.000000
-112.79,0.003672,0.000000
-112.54,0.003672,0.000000
-112.29,0.003672,0.000000
-112.04,0.003672,0.000000
-111.79,0.003672,0.000000
-111.54,0.003672,0.000000
-111.29,0.003672,0.000000
-111.04,0.003672,0.000000
-110.79,0.003672,0.000000
-110.54,0.003672,0.000000
-110.29,0.003672,0.000000
-110.04,0.003672,0.000000
-109.79,0.003672,0.000000
-109.54,0.003672,0.000000
-109.29,0.003672,0.000000
-109.04,0.003672,0.000000
-108.79,0.003672,0.000000
-108.54,0.003672,0.000000
-108.29,0.003672,0.000000
-108.04,0.003672,0.000000
-107.79,0.003672,0.000000
-107.54,0.003672,0.000000
-107.29,0.003672,0.000000
-107.04,0.003672,0.000000
-106.79,0.003672,0.000000
-106.54,0.003672,0.000000
-106.29,0.003672,0.000000
-106.04,0.003672,0.000000
-105.79,0.003672,0.000000
-105.54,0.003672,0.000000
-105.29,0.003672,0.000000
-105.04,0.004896,0.000000
-104.79,0.004896,0.000000
-104.54,0.004896,0.000000
-104.29,0.004896,0.000000
-104.04,0.004896,0.000000
-103.79,0.004896,0.000000
-103.54,0.004896,0.000000
-103.29,0.006120,0.000000
-103.04,0.006120,0.000000
-102.79,0.006120,0.000000
-102.54,0.006120,0.000000
-102.29,0.006120,0.000000
-102.04,0.006120,0.000000
-101.79,0.006120,0.000000
-101.54,0.006120,0.000000
-101.29,0.006120,0.000000
-101.04,0.006120,0.000000
-100.79,0.006120,0.000000
-100.54,0.006120,0.000000
-100.29,0.006120,0.000000
-100.04,0.006120,0.000000
-99.79,0.006120,0.000000
-99.54,0.006120,0.000000
-99.29,0.006120,0.000000
-99.04,0.006120,0.000000
-98.79,0.006120,0.000000
-98.54,0.006120,0.000000
-98.29,0.006120,0.000000
-98.04,0.006120,0.000000
-97.79,0.006120,0.000000
-97.54,0.006120,0.000000
-97.29,0.006120,0.000000
-97.04,0.006120,0.000000
-96.79,0.006120,0.000000
-96.54,0.006120,0.000000
-96.29,0.006120,0.000000
-96.04,0.006120,0.000000
-95.79,0.006120,0.000000
-95.54,0.006120,0.000000
-95.29,0.006120,0.000000
-95.04,0.006120,0.000000
-94.79,0.006120,0.000000
-94.54,0.006120,0.000000
-94.29,0.006120,0.000000
-94.04,0.006120,0.000000
-93.79,0.006120,0.000000
-93.54,0.006120,0.000000
-93.29,0.006120,0.000000
-93.04,0.006120,0.000000
-92.79,0.006120,0.000000
-92.54,0.006120,0.000000
-92.29,0.006120,0.000000
-92.04,0.006120,0.000000
-91.79,0.006120,0.000000
-91.54,0.006120,0.000000
-91.29,0.006120,0.000000
-91.04,0.006120,0.000000
-90.79,0.006120,0.000000
-90.54,0.006120,0.000000
-90.29,0.006120,0.000000
-90.04,0.006120,0.000000
-89.79,0.006120,0.000000
-89.54,0.006120,0.000000
-89.29,0.006120,0.000000
-89.04,0.006120,0.000000
-88.79,0.006120,0.000000
-88.54,0.006120,0.000000
-88.29,0.006120,0.000000
-88.04,0.006120,0.000000
-87.79,0.006120,0.000000
-87.54,0.006120,0.000000
-87.29,0.006120,0.000000
-87.04,0.006120,0.000000
-86.79,0.006120,0.000000
-86.54,0.006120,0.000000
-86.29,0.006120,0.000000
-86.04,0.006120,0.000000
-85.79,0.006120,0.000000
-85.54,0.006120,0.000000
-85.29,0.006120,0.000000
-85.04,0.006120,0.000000
-84.79,0.006120,0.000000
-84.54,0.006120,0.000000
-84.29,0.006120,0.000000
-84.04,0.006120,0.000000
-83.79,0.006120,0.000000
-83.54,0.006120,0.000000
-83.29,0.006120,0.000000
-83.04,0.006120,0.000000
-82.79,0.006120,0.000000
-82.54,0.006120,0.000000
-82.29,0.006120,0.000000
-82.04,0.006120,0.000000
-81.79,0.006120,0.000000
-81.54,0.006120,0.000000
-81.29,0.006120,0.000000
-81.04,0.006120,0.000000
-80.79,0.006120,0.000000
-80.54,0.006120,0.000000
-80.29,0.007344,0.000000
-80.04,0.007344,0.000000
-79.79,0.007344,0.000000
-79.54,0.007344,0.000000
-79.29,0.007344,0.000000
-79.04,0.007344,0.000000
-78.79,0.007344,0.000000
-78.54,0.007344,0.000000
-78.29,0.007344,0.000000
-78.04,0.008568,0.000000
-77.79,0.008568,0.000000
-77.54,0.008568,0.001224
-77.29,0.008568,0.001224
-77.04,0.009792,0.001224
-76.79,0.009792,0.001224
-76.54,0.011016,0.001224
-76.29,0.011016,0.002448
-76.04,0.011016,0.002448
-75.79,0.011016,0.002448
-75.54,0.011016,0.002448
-75.29,0.011016,0.002448
-75.04,0.011016,0.002448
-74.79,0.012240,0.002448
-74.54,0.012240,0.002448
-74.29,0.012240,0.002448
-74.04,0.012240,0.002448
-73.79,0.015912,0.002448
-73.54,0.015912,0.002448
-73.29,0.017136,0.002448
-73.04,0.017136,0.004896
-72.79,0.017136,0.006120
-72.54,0.018360,0.007344
-72.29,0.018360,0.007344
-72.04,0.018360,0.007344
-71.79,0.018360,0.007344
-71.54,0.018360,0.007344
-71.29,0.019584,0.007344
-71.04,0.019584,0.007344
-70.79,0.019584,0.007344
-70.54,0.019584,0.008568
-70.29,0.019584,0.008568
-70.04,0.019584,0.008568
-69.79,0.020808,0.008568
-69.54,0.022032,0.008568
-69.29,0.023256,0.008568
-69.04,0.024480,0.008568
-68.79,0.024480,0.008568
-68.54,0.024480,0.008568
-68.29,0.025704,0.008568
-68.04,0.025704,0.008568
-67.79,0.026928,0.008568
-67.54,0.026928,0.009792
-67.29,0.026928,0.011016
-67.04,0.026928,0.011016
-66.79,0.028152,0.011016
-66.54,0.028152,0.011016
-66.29,0.029376,0.011016
-66.04,0.029376,0.011016
-65.79,0.029376,0.011016
-65.54,0.029376,0.012240
-65.29,0.029376,0.012240
-65.04,0.029376,0.012240
-64.79,0.030600,0.012240
-64.54,0.030600,0.013464
-64.29,0.030600,0.014688
-64.04,0.030600,0.014688
-63.79,0.031824,0.015912
-63.54,0.031824,0.015912
-63.29,0.031824,0.017136
-63.04,0.033048,0.017136
-62.79,0.034272,0.017136
-62.54,0.034272,0.017136
-62.29,0.037944,0.017136
-62.04,0.037944,0.017136
-61.79,0.037944,0.017136
-61.54,0.039168,0.017136
-61.29,0.039168,0.017136
-61.04,0.040392,0.017136
-60.79,0.041616,0.017136
-60.54,0.042840,0.017136
-60.29,0.044064,0.018360
-60.04,0.044064,0.018360
-59.79,0.045288,0.018360
-59.54,0.045288,0.018360
-59.29,0.045288,0.018360
-59.04,0.046512,0.018360
-58.79,0.047736,0.018360
-58.54,0.047736,0.018360
-58.29,0.047736,0.018360
-58.04,0.047736,0.018360
-57.79,0.047736,0.018360
-57.54,0.047736,0.018360
-57.29,0.047736,0.018360
-57.04,0.047736,0.018360
-56.79,0.047736,0.018360
-56.54,0.047736,0.018360
-56.29,0.047736,0.018360
-56.04,0.047736,0.018360
-55.79,0.050184,0.018360
-55.54,0.051408,0.019584
-55.29,0.051408,0.019584
-55.04,0.051408,0.019584
-54.79,0.051408,0.019584
-54.54,0.052632,0.019584
-54.29,0.052632,0.019584
-54.04,0.053856,0.019584
-53.79,0.053856,0.019584
-53.54,0.053856,0.019584
-53.29,0.053856,0.019584
-53.04,0.053856,0.019584
-52.79,0.053856,0.019584
-52.54,0.053856,0.019584
-52.29,0.053856,0.019584
-52.04,0.053856,0.020808
-51.79,0.055080,0.020808
-51.54,0.056304,0.020808
-51.29,0.056304,0.020808
-51.04,0.056304,0.020808
-50.79,0.056304,0.020808
-50.54,0.056304,0.020808
-50.29,0.056304,0.020808
-50.04,0.056304,0.020808
-49.79,0.056304,0.020808
-49.54,0.056304,0.020808
-49.29,0.056304,0.020808
-49.04,0.056304,0.020808
-48.79,0.056304,0.020808
-48.54,0.056304,0.020808
-48.29,0.057528,0.020808
-48.04,0.058752,0.020808
-47.79,0.058752,0.020808
-47.54,0.058752,0.020808
-47.29,0.058752,0.020808
-47.04,0.058752,0.020808
-46.79,0.058752,0.020808
-46.54,0.058752,0.020808
-46.29,0.059976,0.020808
-46.04,0.059976,0.020808
-45.79,0.061200,0.020808
-45.54,0.061200,0.020808
-45.29,0.061200,0.022032
-45.04,0.061200,0.022032
-44.79,0.061200,0.022032
-44.54,0.061200,0.022032
-44.29,0.061200,0.022032
-44.04,0.061200,0.022032
-43.79,0.061200,0.022032
-43.54,0.061200,0.022032
-43.29,0.061200,0.022032
-43.04,0.061200,0.022032
-42.79,0.061200,0.022032
-42.54,0.061200,0.022032
-42.29,0.061200,0.022032
-42.04,0.061200,0.022032
-41.79,0.061200,0.022032
-41.54,0.061200,0.023256
-41.29,0.061200,0.023256
-41.04,0.061200,0.023256
-40.79,0.061200,0.023256
-40.54,0.061200,0.023256
-40.29,0.061200,0.023256
-40.04,0.062424,0.023256
-39.79,0.062424,0.023256
-39.54,0.062424,0.023256
-39.29,0.062424,0.023256
-39.04,0.062424,0.023256
-38.79,0.062424,0.023256
-38.54,0.062424,0.023256
-38.29,0.063647,0.023256
-38.04,0.063647,0.023256
-37.79,0.063647,0.023256
-37.54,0.063647,0.023256
-37.29,0.063647,0.023256
-37.04,0.063647,0.023256
-36.79,0.063647,0.023256
-36.54,0.063647,0.023256
-36.29,0.064871,0.023256
-36.04,0.064871,0.023256
-35.79,0.064871,0.023256
-35.54,0.064871,0.023256
-35.29,0.064871,0.023256
-35.04,0.064871,0.023256
-34.79,0.064871,0.023256
-34.54,0.064871,0.024480
-34.29,0.064871,0.024480
-34.04,0.066095,0.024480
-33.79,0.066095,0.024480
-33.54,0.066095,0.024480
-33.29,0.066095,0.024480
-33.04,0.066095,0.024480
-32.79,0.066095,0.024480
-32.54,0.066095,0.024480
-32.29,0.066095,0.024480
-32.04,0.067319,0.024480
-31.79,0.067319,0.024480
-31.54,0.067319,0.024480
-31.29,0.067319,0.024480
-31.04,0.067319,0.024480
-30.79,0.067319,0.025704
-30.54,0.067319,0.025704
-30.29,0.067319,0.025704
-30.04,0.067319,0.025704
-29.79,0.067319,0.025704
-29.54,0.067319,0.025704
-29.29,0.068543,0.025704
-29.04,0.068543,0.025704
-28.79,0.068543,0.025704
-28.54,0.069767,0.025704
-28.29,0.070991,0.025704
-28.04,0.070991,0.025704
-27.79,0.070991,0.025704
-27.54,0.070991,0.025704
-27.29,0.070991,0.025704
-27.04,0.070991,0.025704
-26.79,0.070991,0.025704
-26.54,0.070991,0.025704
-26.29,0.070991,0.026928
-26.04,0.070991,0.028152
-25.79,0.070991,0.028152
-25.54,0.070991,0.028152
-25.29,0.070991,0.028152
-25.04,0.072215,0.028152
-24.79,0.072215,0.028152
-24.54,0.073439,0.028152
-24.29,0.074663,0.028152
-24.04,0.074663,0.028152
-23.79,0.074663,0.028152
-23.54,0.075887,0.028152
-23.29,0.075887,0.029376
-23.04,0.077111,0.029376
-22.79,0.080783,0.031824
-22.54,0.080783,0.031824
-22.29,0.082007,0.031824
-22.04,0.083231,0.031824
-21.79,0.086903,0.031824
-21.54,0.089351,0.031824
-21.29,0.089351,0.031824
-21.04,0.091799,0.031824
-20.79,0.091799,0.033048
-20.54,0.093023,0.033048
-20.29,0.093023,0.033048
-20.04,0.093023,0.033048
-19.79,0.095471,0.034272
-19.54,0.099143,0.034272
-19.29,0.100367,0.036720
-19.04,0.101591,0.036720
-18.79,0.101591,0.037944
-18.54,0.102815,0.037944
-18.29,0.104039,0.037944
-18.04,0.105263,0.037944
-17.79,0.107711,0.037944
-17.54,0.108935,0.039168
-17.29,0.108935,0.041616
-17.04,0.108935,0.041616
-16.79,0.108935,0.041616
-16.54,0.110159,0.041616
-16.29,0.113831,0.041616
-16.04,0.113831,0.042840
-15.79,0.116279,0.042840
-15.54,0.116279,0.042840
-15.29,0.117503,0.044064
-15.04,0.117503,0.047736
-14.79,0.118727,0.048960
-14.54,0.121175,0.048960
-14.29,0.123623,0.050184
-14.04,0.124847,0.050184
-13.79,0.124847,0.051408
-13.54,0.127295,0.051408
-13.29,0.127295,0.051408
-13.04,0.128519,0.051408
-12.79,0.128519,0.052632
-12.54,0.128519,0.052632
-12.29,0.128519,0.053856
-12.04,0.132191,0.056304
-11.79,0.134639,0.056304
-11.54,0.135863,0.057528
-11.29,0.138311,0.057528
-11.04,0.141983,0.058752
-10.79,0.141983,0.062424
-10.54,0.143207,0.062424
-10.29,0.144431,0.064871
-10.04,0.144431,0.066095
-9.79,0.144431,0.066095
-9.54,0.146879,0.067319
-9.29,0.148103,0.068543
-9.04,0.148103,0.069767
-8.79,0.148103,0.069767
-8.54,0.148103,0.069767
-8.29,0.149327,0.070991
-8.04,0.149327,0.070991
-7.79,0.150551,0.070991
-7.54,0.154223,0.070991
-7.29,0.159119,0.070991
-7.04,0.162791,0.072215
-6.79,0.164015,0.072215
-6.54,0.165239,0.074663
-6.29,0.166463,0.078335
-6.04,0.170135,0.079559
-5.79,0.170135,0.079559
-5.54,0.171359,0.082007
-5.29,0.172583,0.086903
-5.04,0.177479,0.089351
-4.79,0.178703,0.104039
-4.54,0.181151,0.117503
-4.29,0.182375,0.117503
-4.04,0.190942,0.117503
-3.79,0.194614,0.119951
-3.54,0.200734,0.119951
-3.29,0.205630,0.119951
-3.04,0.211750,0.119951
-2.79,0.220318,0.121175
-2.54,0.221542,0.122399
-2.29,0.230110,0.123623
-2.04,0.236230,0.124847
-1.79,0.247246,0.124847
-1.54,0.265606,0.124847
-1.29,0.272950,0.128519
-1.04,0.294982,0.128519
-0.79,0.307222,0.133415
-0.54,0.324357,0.140759
-0.29,0.334149,0.144431
-0.04,0.345165,0.161567
0.21,0.353733,0.215422
0.46,0.359853,0.243574
0.71,0.368421,0.250918
0.96,0.376989,0.257038
1.21,0.381885,0.261934
1.46,0.386781,0.263158
1.71,0.406365,0.271726
1.96,0.407589,0.276622
2.21,0.417381,0.285190
2.46,0.424725,0.292534
2.71,0.429621,0.302326
2.96,0.433293,0.305998
3.21,0.433293,0.310894
3.46,0.434517,0.317013
3.71,0.436965,0.329253
3.96,0.445532,0.334149
4.21,0.450428,0.339045
4.46,0.463892,0.343941
4.71,0.472460,0.350061
4.96,0.478580,0.353733
5.21,0.488372,0.354957
5.46,0.492044,0.357405
5.71,0.494492,0.368421
5.96,0.494492,0.373317
6.21,0.498164,0.376989
6.46,0.500612,0.388005
6.71,0.507956,0.396573
6.96,0.510404,0.397797
7.21,0.511628,0.400245
7.46,0.515300,0.402693
7.71,0.518972,0.406365
7.96,0.523868,0.408813
8.21,0.531212,0.413709
8.46,0.534884,0.417381
8.71,0.536108,0.421053
8.96,0.538556,0.428397
9.21,0.543452,0.434517
9.46,0.544676,0.444308
9.71,0.549572,0.450428
9.96,0.549572,0.460220
10.21,0.554468,0.462668
10.46,0.554468,0.492044
10.71,0.555692,0.550796
10.96,0.556916,0.582619
11.21,0.558140,0.597307
11.46,0.559364,0.614443
11.71,0.559364,0.624235
11.96,0.559364,0.634027
12.21,0.560588,0.638923
12.46,0.561812,0.643819
12.71,0.564259,0.649939
12.96,0.564259,0.654835
13.21,0.567931,0.659731
13.46,0.570379,0.660955
13.71,0.572827,0.674419
13.96,0.572827,0.685435
14.21,0.575275,0.700122
14.46,0.577723,0.709914
14.71,0.580171,0.722154
14.96,0.582619,0.734394
15.21,0.583843,0.741738
15.46,0.583843,0.751530
15.71,0.583843,0.768666
15.96,0.588739,0.788250
16.21,0.600979,0.804162
16.46,0.607099,0.817625
16.71,0.614443,0.824969
16.96,0.619339,0.834761
17.21,0.623011,0.842105
17.46,0.626683,0.858017
17.71,0.627907,0.869033
17.96,0.632803,0.882497
18.21,0.635251,0.883721
18.46,0.636475,0.883721
18.71,0.640147,0.883721
18.96,0.643819,0.887393
19.21,0.643819,0.889841
19.46,0.643819,0.889841
19.71,0.647491,0.889841
19.96,0.648715,0.892289
20.21,0.648715,0.899633
20.46,0.648715,0.903305
20.71,0.649939,0.908201
20.96,0.653611,0.914321
21.21,0.653611,0.914321
21.46,0.654835,0.916769
21.71,0.656059,0.917993
21.96,0.656059,0.922889
22.21,0.659731,0.925337
22.46,0.662179,0.929009
22.71,0.667075,0.933905
22.96,0.671971,0.935129
23.21,0.673195,0.935129
23.46,0.676867,0.936353
23.71,0.682987,0.936353
23.96,0.711138,0.937576
24.21,0.722154,0.938800
24.46,0.744186,0.940024
24.71,0.755202,0.941248
24.96,0.768666,0.941248
25.21,0.774786,0.942472
25.46,0.778458,0.942472
25.71,0.782130,0.943696
25.96,0.782130,0.944920
26.21,0.784578,0.946144
26.46,0.787026,0.947368
26.71,0.789474,0.949816
26.96,0.793146,0.951040
27.21,0.793146,0.953488
27.46,0.793146,0.957160
27.71,0.793146,0.957160
27.96,0.796818,0.959608
28.21,0.799266,0.962056
28.46,0.799266,0.962056
28.71,0.799266,0.962056
28.96,0.800490,0.962056
29.21,0.802938,0.962056
29.46,0.806610,0.962056
29.71,0.806610,0.962056
29.96,0.809058,0.964504
30.21,0.809058,0.964504
30.46,0.810282,0.965728
30.71,0.812729,0.965728
30.96,0.812729,0.968176
31.21,0.813953,0.968176
31.46,0.816401,0.968176
31.71,0.818849,0.969400
31.96,0.820073,0.969400
32.21,0.821297,0.970624
32.46,0.823745,0.973072
32.71,0.823745,0.973072
32.96,0.823745,0.973072
33.21,0.823745,0.974296
33.46,0.824969,0.975520
33.71,0.824969,0.976744
33.96,0.829865,0.977968
34.21,0.833537,0.979192
34.46,0.835985,0.979192
34.71,0.835985,0.979192
34.96,0.839657,0.979192
35.21,0.840881,0.979192
35.46,0.842105,0.979192
35.71,0.844553,0.982864
35.96,0.847001,0.984088
36.21,0.849449,0.984088
36.46,0.851897,0.985312
36.71,0.856793,0.986536
36.96,0.856793,0.987760
37.21,0.858017,0.988984
37.46,0.860465,0.988984
37.71,0.861689,0.990208
37.96,0.862913,0.990208
38.21,0.865361,0.991432
38.46,0.865361,0.991432
38.71,0.865361,0.993880
38.96,0.866585,0.993880
39.21,0.867809,0.995104
39.46,0.867809,0.995104
39.71,0.870257,0.996328
39.96,0.871481,0.998776
40.21,0.873929,1.000000
40.46,0.877601,1.000000
40.71,0.878825,1.000000
40.96,0.881273,1.000000
41.21,0.883721,1.000000
41.46,0.884945,1.000000
41.71,0.884945,1.000000
41.96,0.886169,1.000000
42.21,0.887393,1.000000
42.46,0.888617,1.000000
42.71,0.888617,1.000000
42.96,0.892289,1.000000
43.21,0.892289,1.000000
43.46,0.894737,1.000000
43.71,0.894737,1.000000
43.96,0.895961,1.000000
44.21,0.895961,1.000000
44.46,0.899633,1.000000
44.71,0.900857,1.000000
44.96,0.900857,1.000000
45.21,0.900857,1.000000
45.46,0.900857,1.000000
45.71,0.900857,1.000000
45.96,0.900857,1.000000
46.21,0.900857,1.000000
46.46,0.900857,1.000000
46.71,0.900857,1.000000
46.96,0.904529,1.000000
47.21,0.904529,1.000000
47.46,0.905753,1.000000
47.71,0.905753,1.000000
47.96,0.908201,1.000000
48.21,0.909425,1.000000
48.46,0.911873,1.000000
48.71,0.913097,1.000000
48.96,0.913097,1.000000
49.21,0.913097,1.000000
49.46,0.914321,1.000000
49.71,0.914321,1.000000
49.96,0.914321,1.000000
50.21,0.914321,1.000000
50.46,0.916769,1.000000
50.71,0.916769,1.000000
50.96,0.919217,1.000000
51.21,0.919217,1.000000
51.46,0.920441,1.000000
51.71,0.920441,1.000000
51.96,0.920441,1.000000
52.21,0.922889,1.000000
52.46,0.922889,1.000000
52.71,0.922889,1.000000
52.96,0.922889,1.000000
53.21,0.922889,1.000000
53.46,0.924113,1.000000
53.71,0.925337,1.000000
53.96,0.925337,1.000000
54.21,0.925337,1.000000
54.46,0.925337,1.000000
54.71,0.925337,1.000000
54.96,0.925337,1.000000
55.21,0.925337,1.000000
55.46,0.926561,1.000000
55.71,0.926561,1.000000
55.96,0.927785,1.000000
56.21,0.927785,1.000000
56.46,0.930233,1.000000
56.71,0.931457,1.000000
56.96,0.932681,1.000000
57.21,0.932681,1.000000
57.46,0.932681,1.000000
57.71,0.933905,1.000000
57.96,0.936353,1.000000
58.21,0.936353,1.000000
58.46,0.937576,1.000000
58.71,0.937576,1.000000
58.96,0.941248,1.000000
59.21,0.942472,1.000000
59.46,0.942472,1.000000
59.71,0.942472,1.000000
59.96,0.942472,1.000000
60.21,0.942472,1.000000
60.46,0.942472,1.000000
60.71,0.942472,1.000000
60.96,0.943696,1.000000
61.21,0.943696,1.000000
61.46,0.944920,1.000000
61.71,0.947368,1.000000
61.96,0.948592,1.000000
62.21,0.949816,1.000000
62.46,0.949816,1.000000
62.71,0.951040,1.000000
62.96,0.951040,1.000000
63.21,0.951040,1.000000
63.46,0.952264,1.000000
63.71,0.953488,1.000000
63.96,0.954712,1.000000
64.21,0.955936,1.000000
64.46,0.957160,1.000000
64.71,0.957160,1.000000
64.96,0.957160,1.000000
65.21,0.958384,1.000000
65.46,0.958384,1.000000
65.71,0.958384,1.000000
65.96,0.958384,1.000000
66.21,0.958384,1.000000
66.46,0.959608,1.000000
66.71,0.959608,1.000000
66.96,0.960832,1.000000
67.21,0.960832,1.000000
67.46,0.960832,1.000000
67.71,0.960832,1.000000
67.96,0.960832,1.000000
68.21,0.960832,1.000000
68.46,0.960832,1.000000
68.71,0.962056,1.000000
68.96,0.962056,1.000000
69.21,0.962056,1.000000
69.46,0.962056,1.000000
69.71,0.962056,1.000000
69.96,0.964504,1.000000
70.21,0.964504,1.000000
70.46,0.964504,1.000000
70.71,0.964504,1.000000
70.96,0.964504,1.000000
71.21,0.965728,1.000000
71.46,0.966952,1.000000
71.71,0.968176,1.000000
71.96,0.968176,1.000000
72.21,0.968176,1.000000
72.46,0.968176,1.000000
72.71,0.968176,1.000000
72.96,0.968176,1.000000
73.21,0.968176,1.000000
73.46,0.971848,1.000000
73.71,0.971848,1.000000
73.96,0.975520,1.000000
74.21,0.976744,1.000000
74.46,0.977968,1.000000
74.71,0.980416,1.000000
74.96,0.981640,1.000000
75.21,0.981640,1.000000
75.46,0.981640,1.000000
75.71,0.981640,1.000000
75.96,0.982864,1.000000
76.21,0.982864,1.000000
76.46,0.982864,1.000000
76.71,0.984088,1.000000
76.96,0.985312,1.000000
77.21,0.985312,1.000000
77.46,0.985312,1.000000
77.71,0.987760,1.000000
77.96,0.987760,1.000000
78.21,0.987760,1.000000
78.46,0.988984,1.000000
78.71,0.988984,1.000000
78.96,0.988984,1.000000
79.21,0.988984,1.000000
79.46,0.988984,1.000000
79.71,0.988984,1.000000
79.96,0.988984,1.000000
80.21,0.990208,1.000000
80.46,0.990208,1.000000
80.71,0.991432,1.000000
80.96,0.992656,1.000000
81.21,0.993880,1.000000
81.46,0.996328,1.000000
81.71,0.996328,1.000000
81.96,0.998776,1.000000
82.21,1.000000,1.000000
82.46,1.000000,1.000000
82.71,1.000000,1.000000
82.96,1.000000,1.000000
83.21,1.000000,1.000000
83.46,1.000000,1.000000
83.71,1.000000,1.000000
83.96,1.000000,1.000000
