sample_idx,peak,sgp4_rmse,eta_mse,eta_soft
1690,29.471313,10.673187,13.45476,0.9604156
1691,29.279297,10.647851,11.058533,33.55292
1692,29.14447,10.647574,10.007566,33.229954
1693,28.49527,10.598184,1.5013874,35.735775
1694,28.540558,10.591136,0.9442866,35.47879
1695,28.348541,10.521785,-9.604967,36.95224
1696,28.213715,10.509029,-9.488201,36.56121
1697,28.092041,10.425939,-11.347413,38.54085
1698,28.027588,10.409479,-12.139952,38.08986
1699,28.882233,10.321046,-11.07546,39.885635
1700,29.008698,10.304167,-12.004852,39.542336
1701,29.12622,10.220568,-10.472954,40.14023
1702,29.061768,10.206381,-11.321342,39.75561
1703,29.507019,10.137062,-7.6995373,39.12847
1704,29.633484,10.1269865,-8.397472,38.551933
1705,29.751007,10.079547,1.6215742,37.064953
1706,29.686554,10.074794,0.9962499,36.326313
1707,29.797302,10.055075,32.34233,32.45806
1708,29.923767,10.057077,31.434244,31.672943
1709,30.04129,10.067405,49.427433,23.962677
1710,29.976837,10.076499,48.198116,23.323685
1711,29.876251,10.1148405,29.906988,14.559883
1712,30.002716,10.130255,29.219501,14.038479
1713,30.12024,10.191079,8.011616,7.6425495
1714,30.055786,10.21129,7.374239,7.134366
1715,30.113525,4.723085,-2.100873,1.1865914
1716,30.09674,4.7099924,-4.2218804,0.5490005
1717,29.951813,4.687458,-9.563851,1.5648723
1718,29.891083,4.664609,-11.064159,1.2101114
1719,29.74405,4.6073976,-15.4086,1.7897308
1720,29.727264,4.5749135,-17.723,1.6560256
1721,29.582336,4.487152,-19.852615,2.1707952
1722,29.521606,4.4436455,-22.950768,2.1348536
1723,29.149536,4.330152,-21.915281,2.6352108
1724,29.019623,4.275393,-24.747503,2.6358902
1725,28.334656,4.1456847,-20.721054,3.1621218
1726,28.20517,4.0831447,-22.828949,3.0558765
1727,27.8331,3.951166,-17.989075,3.823179
1728,27.703186,3.8849576,-19.660782,3.521341
1729,27.018219,3.7660263,-14.391554,4.065055
1730,26.804901,3.6993067,-15.841686,3.533554
1731,25.796356,3.609316,-12.249279,3.671652
1732,25.627228,3.5450485,-13.648343,2.955532
1733,26.017029,3.498224,-12.146891,2.7716339
1734,26.095306,3.4386876,-14.179003,1.9160271
1735,26.924347,3.4434216,-13.653922,1.4894247
1736,26.702393,3.3906827,-16.375996,0.53168535
1737,27.47696,3.4481564,-16.517616,0.018495321
1738,27.63144,3.4064634,-19.28544,-0.9312868
1739,28.104797,3.5103285,-19.693815,-1.4680147
1740,28.190765,3.4836762,-22.182583,-2.3937106
1741,28.478271,3.6191804,-21.948742,-2.9847503
1742,28.632751,3.6077948,-23.629486,-3.8869023
1743,29.10611,3.7566812,-22.442173,-4.5792103
1744,29.192078,3.757922,-23.106348,-5.4011106
1745,29.43509,3.9029424,-21.536684,-6.2987924
1746,29.475525,3.9115112,-21.21476,-7.076597
1747,29.580536,4.037222,-19.311869,-8.418762
1748,29.595337,4.04657,-18.419468,-9.068024
1749,29.621765,4.140971,-16.50958,-10.446537
1750,29.6622,4.1455293,-15.79076,-10.899771
1751,29.767212,4.200759,-14.436936,-11.778891
1752,29.782013,4.1964893,-14.639627,-12.360632
1753,29.800537,4.208627,-15.007198,-12.95532
1754,29.793793,4.1933174,-16.622543,-13.844419
1755,29.703339,4.162664,-18.6288,-14.42684
1756,29.66037,4.136084,-21.705496,-15.5033
1757,29.375916,4.0661154,-24.36316,-16.241241
1758,29.271545,4.0277047,-29.358328,-17.635965
1759,28.930756,3.9220297,-32.097054,-18.913578
1760,28.887787,3.8696966,-38.49323,-20.996761
1761,28.603333,3.7338057,-40.089916,-23.345434
1762,28.498962,3.6682103,-45.995033,-26.291561
1763,27.923767,3.5135615,-46.394505,-30.791843
1764,27.73825,3.4387078,-51.66842,-34.627117
1765,26.93216,3.2808893,-51.979004,-41.777588
1766,26.82779,3.2005134,-55.9872,-45.505154
1767,26.252594,3.0575128,-55.924034,-52.10012
1768,26.067078,2.9748716,-58.977463,-55.759083
1769,25.331848,2.8671112,-59.04311,-60.5011
1770,25.538696,2.7858763,-61.696445,-64.68779
1771,26.208954,2.7326522,-62.432373,-67.51312
1772,25.89209,2.656246,-66.293625,-73.06446
1773,26.867981,2.6698244,-67.918304,-72.619354
1774,25.423859,2.603124,-72.60835,-77.601776
1775,26.61676,2.685725,-73.8725,-73.16038
1776,24.088196,2.6364744,-78.162384,-76.47462
1777,25.300812,2.7771893,-77.194214,-70.6148
1778,22.056244,2.749923,-80.43547,-72.85911
1779,23.032196,2.9260652,-76.68295,-67.55197
1780,19.687317,2.9192579,-78.2131,-69.08285
1781,20.192566,3.1062226,-73.86539,-64.3924
1782,17.990875,3.1144414,-74.13112,-65.38876
1783,17.445068,3.290615,-69.902466,-60.9059
1784,17.4021,3.3056345,-68.26776,-60.784912
1785,17.501648,3.453422,-63.91715,-56.669937
1786,17.542084,3.4671268,-61.563503,-55.898823
1787,17.96939,3.5742056,-57.776546,-52.60228
1788,18.055359,3.5804543,-55.64871,-51.676514
1789,18.29837,3.639345,-53.850163,-49.638344
1790,18.338806,3.6340084,-53.244637,-49.219322
1791,18.443817,3.6416,-54.416393,-48.365772
1792,18.458618,3.6228178,-55.694008,-48.64166
1793,18.477142,3.5804145,-58.6043,-48.7229
1794,18.470398,3.5480037,-62.274063,-49.665596
1795,18.379944,3.4589517,-66.445305,-51.28827
1796,18.336975,3.4111216,-72.76989,-53.43225
1797,18.05252,3.278055,-78.85125,-57.38443
1798,8.743103,3.212053,-86.793564,-60.906937
3128,40.913177,15.928525,2.0050764,0.79777837
3129,40.911957,15.941616,1.5501499,0.9855449
3130,40.583344,15.938594,1.6457736,0.94420314
3131,40.582123,15.950072,2.0677984,2.5040567
3132,40.76999,15.945175,2.093047,2.4218857
3133,40.89926,15.954186,9.051424,5.629468
3134,41.530365,15.949482,9.0357895,5.5705667
3135,41.659637,15.956659,27.870863,7.683468
3136,41.916565,15.956125,27.851795,7.5816927
3137,42.045837,15.964155,36.00387,9.720487
3138,42.20761,15.972631,35.701267,9.573179
3139,42.179718,15.984765,37.062065,12.977325
3140,42.34149,16.005709,36.6113,12.714827
3141,42.29309,16.023718,42.726604,15.484613
3142,42.30789,16.057098,41.78844,15.157336
3143,42.25949,16.080025,-1.4469147,13.723034
3144,42.10034,16.122572,-1.8926978,13.628512
3145,42.05194,16.14824,-28.55196,-0.585258
3146,41.628204,16.196009,-28.46582,-0.63899755
3147,41.629364,16.22272,-48.466526,-5.677402
3148,41.51779,16.271809,-48.19597,-5.666387
3149,41.52127,16.2974,-61.183475,-15.164804
3150,40.83734,16.342989,-60.7515,-15.129757
3151,40.59973,16.364399,-69.81447,-22.823738
3152,39.744843,16.402138,-69.5292,-22.789383
3153,33.004486,11.594762,24.144363,14.395374
3154,33.28473,11.441925,24.797552,14.554888
3155,33.626587,11.42545,22.063755,16.130531
3156,34.480255,11.289977,22.464228,16.27485
3157,34.566162,11.273435,19.50354,17.235518
3158,34.82086,11.1657095,19.557922,17.214287
3159,35.16272,11.150718,17.062336,17.485607
3160,36.016388,11.082738,16.89362,17.302174
3161,36.102295,11.074564,17.076033,17.74603
3162,35.994476,11.055502,16.66137,17.376053
3163,36.336334,11.058175,16.674006,17.86064
3164,37.190002,11.090129,16.141737,17.35168
3165,37.27591,11.104545,15.73596,17.877298
3166,37.137756,11.181845,15.166145,17.281908
3167,36.99054,11.206169,14.212936,17.811722
3168,37.69394,11.316419,13.605041,17.18846
3169,37.779846,11.346971,12.08449,17.632658
3170,37.641693,11.473466,11.44219,17.018253
3171,37.494476,11.506336,10.599762,17.24996
3172,37.36438,11.631021,10.01383,16.688835
3173,37.450287,11.662391,10.187578,16.75914
3174,37.312134,11.767438,9.687078,16.250717
3175,37.164917,11.792863,9.513432,16.18966
3176,36.247955,11.863222,8.988905,15.705461
3177,36.333862,11.879194,8.462322,15.6054735
3178,36.19571,11.905804,8.062029,15.182501
3179,36.048492,11.911243,7.6446114,15.049219
3180,35.066315,11.891392,7.2583914,14.720636
3181,34.73297,11.887176,7.9149604,14.82727
3182,34.540222,11.823123,7.5870094,14.632935
3183,34.393005,11.811074,8.176583,14.8951645
3184,33.410828,11.708871,7.8911424,14.821154
3185,33.077484,11.691386,7.726985,15.033806
3186,32.711884,11.560689,7.446045,15.100622
3187,32.564667,11.541302,7.009065,15.25895
3188,31.71289,11.395156,6.7171216,15.468144
3189,31.891388,11.377634,6.564003,15.775519
3190,32.106934,11.229765,6.184,16.089417
3191,32.049896,11.214736,6.574565,16.543652
3192,33.274567,11.075867,6.1466575,16.890753
3193,33.453064,11.060364,6.5206647,17.234493
3194,33.66861,10.939559,6.0040236,17.549282
3195,33.603516,10.922845,5.614388,17.514599
3196,34.8107,10.831531,5.1130295,17.69939
3197,34.989197,10.818003,5.102551,17.717964
3198,35.204742,10.76784,4.5588493,17.708218
3199,35.13965,10.762785,5.104166,17.735004
3200,35.984314,10.760326,4.5823812,17.495287
3201,36.16281,10.76636,5.157268,17.517303
3202,36.378357,10.810793,4.606688,17.067421
3203,36.313263,10.827611,4.8410234,17.147457
3204,36.48825,10.910926,4.285246,16.584301
3205,36.666748,10.935862,4.4492245,16.738642
3206,36.882294,11.044336,3.8941026,16.16586
3207,36.8172,11.073684,4.777479,16.338903
3208,36.15869,11.190785,4.17006,15.840637
3209,36.33719,11.221053,5.409348,16.116959
3210,36.552734,11.329583,4.7463474,15.719664
3211,36.48764,11.356782,5.3204656,15.857625
3212,35.800903,11.440641,4.597509,15.5818405
3213,35.5325,11.460748,4.843873,15.72845
3214,35.43631,11.508329,4.222721,15.583438
3215,35.371216,11.51924,4.3634295,15.687114
3216,34.68448,11.525064,3.7873209,15.620089
3217,34.416077,11.526833,4.323965,15.672577
3218,33.780823,11.490584,3.7177384,15.650731
3219,33.71573,11.484518,4.3985786,15.75591
3220,33.02899,11.409687,3.7370324,15.764862
3221,32.76059,11.397598,3.5985172,15.736902
3222,31.952484,11.290872,2.946484,15.796727
3223,31.88739,11.275387,2.3176491,15.680641
3224,31.200653,11.146876,1.628077,15.8069725
3225,30.932251,11.131553,1.3074338,15.694183
3226,31.178986,10.993495,0.4688263,15.8833685
3227,31.199554,10.980247,0.70936084,15.853918
3228,31.894623,10.8433075,-0.17614365,16.084988
3229,32.16501,10.829823,0.038701296,16.027063
3230,32.74066,10.702064,-0.90287924,16.290873
3231,32.76123,10.6855955,-0.8760333,16.208845
3232,33.430756,10.576811,-1.7236471,16.448658
3233,33.70114,10.559816,-1.6848564,16.38369
3234,34.276794,10.482571,-2.4591804,16.507
3235,34.297363,10.470832,-1.676619,16.463417
3236,34.60437,10.435358,-2.2895694,16.417074
3237,34.874756,10.433151,-1.2317061,16.359955
3238,35.45041,10.443367,-1.7814755,16.11736
3239,35.470978,10.452032,-0.808084,16.095655
3240,35.108307,10.504689,-1.2853742,15.69652
3241,35.378693,10.522921,-0.17162561,15.730047
3242,35.954346,10.608135,-0.5859494,15.229541
3243,35.974915,10.632781,1.0231853,15.237337
3244,35.602448,10.736242,0.504452,14.715725
3245,35.40442,10.763967,2.3383975,14.674849
3246,35.624786,10.869659,1.6964734,14.212667
3247,35.645355,10.897042,2.9083133,14.200747
3248,35.27289,10.988772,2.0773828,13.846296
3249,35.07486,11.011762,2.683103,13.901639
3250,34.50836,11.075985,1.9549489,13.650555
3251,34.52893,11.091598,2.3501098,13.646418
3252,34.156464,11.120195,1.6506791,13.473188
3253,33.958435,11.127576,2.191788,13.490719
3254,32.852875,11.117696,1.5162706,13.416022
3255,32.873444,11.117542,2.2912204,13.492489
3256,32.500977,11.070246,1.5140533,13.494551
3257,32.302948,11.063909,1.3891041,13.615995
3258,31.151459,10.983176,0.6471157,13.703924
3259,31.045105,10.972471,-0.28021336,13.754702
3260,30.672638,10.865327,-0.9794116,13.920462
3261,30.47461,10.853125,-1.576674,13.912898
3262,30.08191,10.729503,-2.425623,14.119875
3263,30.190338,10.718438,-2.2321463,14.070374
3264,30.348785,10.58846,-3.1257153,14.299452
3265,30.708282,10.577555,-3.109336,14.131957
3266,31.643585,10.448727,-4.1564107,14.357424
3267,31.752014,10.434183,-4.275322,14.151239
3268,31.884918,10.314262,-5.2482605,14.384407
3269,32.244415,10.295941,-5.14946,14.236665
3270,33.179718,10.196757,-6.0591817,14.413155
3271,33.288147,10.1799,-5.427921,14.440643
3272,33.244873,10.114203,-6.134236,14.521337
3273,33.41803,10.104321,-5.0517917,14.623678
3274,34.353333,10.080268,-5.577469,14.590841
3275,34.46176,10.080462,-4.257965,14.732653
3276,34.418488,10.099672,-4.572785,14.572609
3277,34.295685,10.110246,-3.035307,14.738053
3278,34.85727,10.167333,-3.1768322,14.48263
3279,34.9657,10.186093,-1.5034318,14.469772
3280,34.922424,10.269788,-1.6261697,14.147461
3281,34.79962,10.29354,0.33872724,13.82544
3282,34.52771,10.389565,0.044310093,13.480729
3283,34.63614,10.415375,1.5601337,13.17665
3284,34.592865,10.508392,0.9355247,12.842041
3285,34.470062,10.532707,1.6249597,12.657738
3286,33.58557,10.608139,0.92154145,12.34647
3287,33.519714,10.627397,1.3151467,12.118882
3288,33.47644,10.674732,0.600791,11.818462
3289,33.353638,10.687112,0.7767737,11.497015
3290,32.469147,10.701024,0.02938509,11.269784
3291,32.159943,10.706456,0.2513528,11.03909
3292,31.820953,10.685669,-0.5228996,10.906494
3293,31.69815,10.684993,-0.5321622,10.795045
3294,30.81366,10.631037,-1.2068987,10.781795
3295,30.504456,10.625414,-1.8302083,10.598856
3296,29.992615,10.54237,-2.3501158,10.719162
3297,29.869812,10.533807,-2.8388977,10.646666
3298,28.985321,10.428804,-3.2602668,10.844559
3299,28.676117,10.420078,-2.9922247,10.971392
3300,28.567108,10.302031,-3.4526348,11.184114
3301,28.776703,10.293806,-2.963388,11.174339
3302,29.3508,10.170036,-3.700602,11.395777
3303,29.45108,10.158798,-3.514111,11.183107
3304,29.706146,10.035197,-4.424548,11.396885
3305,29.745361,10.018095,-3.9406657,11.194592
3306,29.58371,9.904125,-4.9048066,11.3466625
3307,29.47583,9.88427,-4.1501284,11.269903
3308,29.034607,9.793268,-5.0619364,11.382956
3309,28.869598,9.77694,-4.0159225,11.309475
3310,28.032288,9.72062,-4.693401,11.349052
3311,27.762878,9.712558,-3.255248,11.327476
3312,26.588287,9.697153,-3.5426855,11.332882
3313,26.298828,9.699345,-1.8885016,11.3391285
3314,26.270996,9.724383,-1.8030882,11.293298
3315,26.379425,9.736091,0.05595088,11.119467
3316,26.336151,9.794347,0.37787557,11.02029
3317,26.213348,9.812878,2.5707364,10.543007
3318,26.534576,9.89249,2.7804732,10.372793
3319,26.643005,9.9150915,4.5763073,9.838867
3320,26.599731,10.002193,4.330105,9.62891
3321,26.50708,10.025977,4.907465,9.117436
3322,27.384583,10.106099,4.2772236,8.861023
3323,27.662079,10.12749,4.3208656,8.349818
3324,28.359009,10.188419,3.626442,8.035302
3325,28.599854,10.204814,3.2587647,7.4405313
3326,29.085571,10.238954,2.4581432,7.16415
3327,29.127808,10.249502,2.0462096,6.705147
3328,29.271393,10.253369,1.1652589,6.5236864
3329,29.240204,10.258389,0.9416759,6.285262
3330,28.82315,10.2313,0.316602,6.2138376
3331,28.341217,12.576535,13.210529,-6.2709093
3333,11.889313,3.6049857,8.727032,2.4332166
4687,41.64734,11.591895,46.792202,19.748379
4740,12.376221,3.1004019,-329.6606,-58.630585
4741,19.04358,5.6301403,9.485382,1.5673816
4742,18.522919,5.6593847,8.564943,1.7677248
4743,18.32959,5.6901693,3.5734296,1.6471148
4744,26.264862,10.54037,33.765404,7.9660473
4745,26.29663,10.573882,34.83057,8.220267
4746,26.254395,10.597462,36.484642,8.996266
4747,26.381805,10.663279,51.253498,16.585136
4748,25.882263,10.675901,52.130463,16.836279
4749,25.001587,10.67915,53.419804,17.13972
4750,24.891846,10.670511,55.82469,17.747545
4751,26.525208,10.765353,58.750546,17.415958
4752,26.529053,10.801955,58.844578,17.459976
4753,26.467133,10.826581,58.733833,17.784674
4754,28.32727,12.178257,69.865456,24.293274
4755,43.679718,20.785267,12.287575,3.5434842
4935,10.842499,2.435565,-9.896731,-3.3292413
4936,35.211624,10.521893,34.337044,16.480637
4937,48.239365,12.68757,30.342817,16.8513
4961,15.397125,5.0821676,42.29495,16.202957
4962,15.485565,4.12398,42.58071,31.727665
4963,44.24243,12.914405,-7.224512,22.502548
4964,43.98477,12.922786,-7.122004,22.76749
4965,266.84903,88.62067,22.667467,10.776531
4966,266.60828,88.89249,22.442835,10.816884
4967,266.16443,89.14595,22.17118,10.759073
4968,264.14972,89.70333,22.627848,10.747618
4969,263.04913,89.931786,22.739971,10.704142
4970,263.58466,90.161575,23.00771,10.727495
4971,265.3233,90.527374,23.331076,10.795003
4972,266.52237,90.76006,23.633368,10.8420315
4973,266.8031,90.99442,23.81655,10.8491955
4974,266.45288,91.22797,23.918797,10.832101
4975,266.71588,91.32427,23.950804,10.8179035
4976,266.91068,91.462105,23.938011,10.7939005
4977,267.11084,91.56147,24.072647,10.720963
4978,268.88776,91.81155,24.179155,10.655147
4979,272.92273,92.07956,24.017382,10.655212
4980,275.8288,92.36238,23.88528,10.63875
4981,277.10226,92.652565,23.883522,10.628181
4982,277.37177,92.817184,23.832584,10.609871
4983,277.4491,92.94388,23.925787,10.649622
4984,277.4091,93.10727,23.874945,10.636592
4985,277.32,93.231,23.818785,10.673165
4986,277.25974,93.39005,23.760391,10.661751
4987,277.17065,93.50673,23.519104,10.739022
4988,277.091,93.65782,23.483408,10.724235
4989,276.9299,93.764435,23.53565,10.752356
4990,276.78314,93.90663,23.50828,10.733551
4991,276.4835,94.004486,23.809212,10.684562
4992,276.33673,94.141136,23.77662,10.665554
4993,276.03094,94.23514,23.789478,10.6357155
4994,275.19672,94.465775,23.794657,10.621661
4995,274.3448,94.70023,23.934477,10.616404
4996,274.587,94.839905,23.905033,10.60043
4997,275.55368,94.937614,24.155373,10.636216
4998,277.03812,95.078995,24.126894,10.622639
4999,277.8376,95.17858,24.340582,10.672897
5000,278.9896,95.32152,24.280888,10.66131
5001,279.58527,95.42281,24.449492,10.697204
5002,280.32678,95.56724,24.390125,10.685581
5003,280.18167,95.66926,24.467516,10.71803
5004,280.01422,95.81347,24.440945,10.701293
5005,279.10785,95.91451,24.451286,10.724747
5006,278.50043,96.057556,24.452888,10.702557
5007,277.84058,96.1584,24.528908,10.67903
5008,277.97736,96.30273,24.523973,10.655278
5009,278.5854,96.407524,24.884289,10.606581
5010,279.97015,96.55759,24.885666,10.586381
5011,281.6451,96.67044,24.951298,10.590297
5012,283.5007,96.828575,24.940104,10.571682
5013,285.1107,96.949814,24.779665,10.569692
5014,286.393,97.11423,24.743277,10.548061
5015,287.22455,97.240616,24.58051,10.515314
5016,287.72437,97.40769,24.539942,10.4961815
5017,287.9522,97.53558,24.424994,10.46893
5018,287.99066,97.70252,24.362743,10.4549465
5019,287.99734,97.82909,24.187904,10.427117
5020,287.97424,97.99347,24.121964,10.417789
5021,287.91138,98.115364,23.8823,10.405326
5022,287.8545,98.273735,23.824018,10.392534
5023,287.78662,98.38706,23.817194,10.494858
5024,287.72974,98.53652,23.787748,10.479522
5025,287.61978,98.63983,24.267054,10.48007
5026,287.52295,98.78129,24.225128,10.461968
5027,287.32132,98.8777,24.439716,10.4260025
5028,287.1387,99.015884,24.403858,10.410714
5029,286.93707,99.11098,24.450361,10.426104
5030,286.74884,99.250755,24.42745,10.410034
5031,286.3553,99.34819,24.489695,10.442847
5032,286.002,99.4912,24.462187,10.428554
5033,286.32593,99.59131,24.637587,10.444885
5034,288.05634,99.736755,24.608826,10.43064
5035,289.22266,99.838715,24.831741,10.452408
5036,290.68994,99.98603,24.790657,10.4362545
5037,291.58902,100.08984,25.038088,10.456329
5038,292.72382,100.23907,25.003815,10.4397955
5039,293.06567,100.34441,25.159533,10.460388
5040,293.30188,100.49438,25.142395,10.444856
5041,292.63376,100.599434,25.229973,10.490089
5042,291.97803,100.747955,25.20941,10.473556
5043,291.00165,100.851326,25.293732,10.514527
5044,290.3459,100.998314,25.25512,10.496372
5045,289.3174,101.102,25.59402,10.524761
5046,289.31177,101.25103,25.553263,10.507184
5048,23.448486,9.62478,58.2311,20.218712
5088,11.193451,2.7561445,-29.840256,-2.6275396
5089,5.547119,1.4856353,-34.05708,0.2534032
5157,25.081573,6.7871895,37.766235,16.838009
5158,6.953583,1.9987022,0.46474934,-0.5449772
5159,20.777588,3.8825886,19.703054,6.3872757
5160,44.895233,8.829802,40.15185,30.277294
5247,22.54213,5.564953,-36.338245,37.63099
5251,20.1279,4.5057144,6.801242,6.177741
5252,47.13257,20.1983,-3.396976,-4.6954513
5253,45.595184,20.2616,-3.030336,-4.735136
5254,43.983,20.326616,-2.4011374,-4.7469497
5255,43.906708,20.358395,-2.0701647,-4.749322
5256,43.89337,20.385813,-1.7962813,-4.7224402
5257,43.88159,20.414173,-1.6108394,-4.710865
5258,43.965942,20.437418,-1.570332,-4.71164
5259,44.097656,20.462902,-1.7448306,-4.720783
5260,44.3638,20.48236,-1.700747,-4.7470927
5261,44.674286,20.50527,-1.995635,-4.766166
5262,45.381134,20.520594,-2.1225452,-4.799485
5263,45.964325,20.540638,-2.487874,-4.8026204
5264,46.849274,20.551497,-2.6100755,-4.8238635
5265,47.539307,20.56911,-2.863419,-4.815185
5266,48.424255,20.5764,-2.902186,-4.832411
5267,50.14682,20.597925,-3.3244967,-4.8689365
5268,51.461487,20.61556,-3.676641,-4.936254
5269,52.227234,20.624224,-3.9360642,-4.988086
5270,52.40338,20.63059,-4.189205,-5.0140023
5271,24.938904,3.944797,2.1627486,1.604116
5272,25.080078,3.9115548,4.192466,2.1106064
5273,25.058167,3.884218,4.536271,1.5838742
5274,24.888855,3.8529902,6.3598337,2.1784008
5275,24.420074,3.8325982,6.535411,1.7165422
5276,24.22348,3.804633,8.19605,2.3687065
5277,24.201569,3.793653,8.092099,1.9766748
5278,24.032257,3.7705262,9.553009,2.6279569
5279,23.563477,3.7709892,9.104961,2.3265243
5280,23.126007,3.7540035,10.104429,2.9569745
5281,22.75064,3.7667332,9.267879,2.6228487
5282,22.112549,3.7815576,8.724851,2.6379883
5283,22.200867,3.8140724,7.871681,2.2547722
5284,22.600525,3.8560357,6.5295515,1.5731394
5285,23.057892,3.8588943,6.316394,1.4745712
5286,23.56012,3.8945527,5.1742673,0.774616
5287,23.753418,3.8936172,5.0160465,0.7085264
5288,23.812225,3.9220018,3.9741576,0.12254119
5289,23.695282,3.916593,3.7659526,0.11163354
5290,23.297852,3.9355488,2.6901484,-0.31713247
5291,22.900421,3.9249563,2.5234878,-0.2580285
5292,22.1445,3.932463,1.5819013,-0.5848408
5293,21.561737,3.9159482,1.5800595,-0.43677092
5294,20.621521,3.9112601,0.89948773,-0.6316066
5295,19.981232,3.886385,1.067543,-0.48439503
5296,19.049011,3.8690543,0.5293906,-0.63751936
5297,18.470245,3.8414972,0.87320805,-0.30232668
5298,17.697052,3.8180673,0.5884588,-0.2936244
5299,16.71463,3.7615802,1.3401031,0.16541481
5300,16.113586,3.6999156,2.5582433,0.6026387
5301,15.808838,3.634815,4.140502,0.9990752
5302,15.74469,3.600303,5.436534,1.2262702
5303,15.692535,3.568516,5.9147716,1.2673318
5304,15.682922,3.5323298,7.0277395,1.3850749
5305,15.706329,3.503885,7.446325,1.3647139
5306,15.751648,3.468391,8.334839,1.3301075
5307,15.877991,3.4480026,8.662415,1.2565851
5308,14.828003,3.4169698,9.235865,1.0887086
5551,105.61267,38.71066,5.1723123,-0.44107437
5552,108.44513,39.452503,5.5429516,-0.8396745
5553,108.74222,39.534443,5.4459333,-0.7374048
5554,105.88211,40.5942,21.547752,8.658892
5555,109.38501,40.714436,22.305584,9.311801
5556,111.34485,40.847878,23.94514,9.958839
5557,96.205475,35.98068,26.100933,12.06758
5558,93.24036,36.09599,24.902493,11.821413
5559,89.827484,36.138813,24.423546,11.550164
5560,97.20508,36.990036,26.735855,11.334789
5561,95.45221,37.071503,26.596498,11.482197
5562,94.468445,37.10595,26.255238,11.449671
5563,91.944916,37.16504,26.521332,11.836738
5564,92.29953,37.1891,28.150045,12.050122
5565,91.813446,37.24867,30.608303,12.671691
5566,100.73984,38.034115,22.829348,11.548156
5567,100.17441,38.09433,24.304522,11.757416
5568,98.80374,38.184563,22.863478,11.561698
5569,97.9931,38.22031,22.852915,11.551261
5570,95.73694,38.254368,19.874722,10.998225
5571,94.634766,38.26877,20.775843,11.029636
5572,92.794495,38.277264,20.85964,10.737467
5573,92.52969,38.29165,21.253014,10.753399
5574,101.52023,39.07771,16.030575,9.549874
5575,101.13989,39.1172,15.72538,9.471589
5576,99.78934,39.191357,14.248192,9.291148
5577,99.18915,39.223305,13.586396,9.2146635
5578,96.93298,39.279095,10.8794985,8.91667
5579,95.90054,39.3028,12.575841,9.267396
5580,95.60391,39.344208,12.606419,9.356546
5581,95.37924,39.364162,14.720594,9.784311
5582,94.88254,39.40505,14.027441,9.639872
5583,104.10358,40.147865,4.291415,5.492133
5584,104.04828,40.209515,5.207568,5.9432564
5585,103.108215,40.30598,4.1403,5.5292606
5586,102.4993,40.34587,3.8875043,5.465728
5587,100.673035,40.387726,1.4808357,4.4061365
5588,99.687775,40.404224,1.6854465,4.4317064
5589,97.17639,40.410927,1.1371136,3.5128653
5590,96.2554,40.42194,1.6900122,3.4514964
5591,95.59561,40.442272,0.6303966,2.6852489
5592,95.39624,40.468708,0.44989586,2.6627004
5593,104.87982,41.215427,-6.279433,0.33923388
5594,104.834625,41.254463,-6.3741326,0.32384992
5595,104.08862,41.324173,-6.768775,0.2484858
5596,103.479706,41.353767,-6.841278,0.2612114
5597,101.92157,41.40565,-7.2068095,0.1585722
5598,100.93631,41.4285,-7.312298,0.15100837
5599,98.85989,41.46839,-7.4323297,0.13129115
5600,99.02167,41.488415,-7.38976,0.14437437
5601,98.4657,41.53114,-7.9791427,0.14835596
5602,98.27902,41.554947,-7.7035546,0.19018054
5603,97.81656,41.610405,-7.6523423,0.20447373
5604,137.80644,62.87715,-10.778856,-2.6486635
5605,32.189026,12.946579,57.768513,23.973518
5738,34.565002,16.291065,71.27854,26.480543
5739,34.682587,16.37746,71.00326,26.28578
5740,33.601135,16.602375,74.00291,27.437126
5741,33.59909,16.57416,69.92891,27.747953
5742,33.434143,16.538559,63.470604,25.213093
5743,33.117706,16.499687,40.219826,20.145893
5744,21.827759,6.1222925,-34.041058,-26.23459
5745,22.65268,6.2869062,-21.916462,-19.420778
5746,23.512451,6.664316,0.11023283,-6.4285398
5747,23.632172,6.780917,-7.5059533,-5.301249
5748,23.71222,6.862149,-11.115599,-5.159855
5749,23.769562,6.905162,-11.759663,-5.0014496
5750,23.950836,6.8512034,-11.885071,-4.946995
5751,23.800964,6.769081,-13.206363,-4.9770117
5752,23.09085,6.649226,-14.703488,-3.9054394
5753,21.804657,6.447705,-17.807972,-0.12955666
5754,21.156982,6.305432,-19.770468,1.2269855
5755,20.405396,6.192446,-18.281567,3.4401774
5756,19.488586,6.1289964,-10.922754,6.0827675
5757,19.664734,6.1312947,4.9688935,9.451294
5758,20.301178,6.161399,3.8309634,9.034491
6302,61.204803,23.698427,57.639366,20.718681
6303,61.02835,23.698597,63.98059,22.36954
6304,61.025604,23.718372,64.346504,22.403748
6305,60.84915,23.72257,63.909996,22.411234
6306,60.473145,23.75628,63.422863,22.20127
6307,59.80185,23.808224,62.55653,22.073162
6308,59.123383,23.881748,61.996304,21.916014
6309,58.94748,23.919472,61.922718,21.880848
6310,58.16284,23.973816,61.52326,21.757484
6311,57.953552,24.016024,61.56026,21.741283
6312,56.90561,24.123358,61.331852,21.595787
6313,56.552612,24.236235,60.73109,21.322615
6314,55.81067,24.347902,57.871216,20.945145
6315,55.088776,24.410427,50.355427,20.239471
6316,55.3963,24.451315,50.282234,20.209211
6317,56.769287,24.505903,42.396725,18.911732
6318,57.076813,24.543678,42.187363,18.84035
6319,58.237976,24.59021,34.2258,16.384071
6320,58.5455,24.627583,34.147995,16.385914
6321,18.717865,4.6557837,26.114666,13.978749
6322,18.708038,4.605149,23.940086,14.882803
6323,18.50467,4.411069,-62.101112,-2.3419023
6324,18.494843,4.3585463,-64.25188,-2.2526622
6325,18.15335,4.1637673,-94.42253,-34.84516
6326,18.067993,4.115748,-97.383095,-35.996128
6327,25.696136,7.6849885,8.42638,2.1373093
6328,24.102814,8.861707,42.788868,15.428745
6329,29.21283,7.3112206,-3.6385536,-0.038659573
6330,83.177124,40.765797,7.65996,2.2907734
6331,55.996735,22.651377,55.401634,20.148462
6332,56.492157,22.651604,56.35659,20.612156
6333,56.6987,22.643354,56.733948,20.78808
6334,56.077423,22.639524,56.248123,20.62648
6335,24.795898,4.821071,-198.52266,-64.032135
6336,24.501282,4.747615,-199.78607,-65.62131
6337,24.338287,4.6988754,-194.93161,-63.38929
6466,38.79413,14.886677,8.741135,2.0628452
6467,39.062653,21.506233,50.913643,20.210468
6468,38.728455,21.504559,81.29374,27.45365
6469,38.367157,21.507448,80.49394,27.443611
6470,38.481476,21.508097,81.94008,26.730835
6471,38.763824,21.515285,80.88542,26.696426
6472,38.943176,21.517958,82.17708,27.12872
6473,39.17804,21.528978,81.234695,27.082943
6474,39.327667,21.533077,81.8427,29.914248
6475,39.460754,21.546972,81.00753,29.86853
6476,39.5394,21.551867,78.28694,35.592945
6477,39.621582,21.568686,77.51664,35.476284
6478,39.689972,21.575655,74.67895,34.110123
6479,39.760162,21.597576,73.856476,33.921562
6480,39.757935,21.609484,73.84023,32.36255
6481,39.689636,21.638958,73.225296,32.18537
6482,39.65155,21.657969,73.45657,30.905455
6483,39.486084,21.6954,73.299835,30.738808
6484,39.256195,21.721107,74.53917,28.020275
6485,38.986603,21.763327,74.90513,27.917868
6486,38.756714,21.792044,75.84047,22.539753
6487,38.576385,21.833141,76.553085,22.491909
6488,38.7511,21.860037,76.866356,15.325957
6489,39.030396,21.894505,77.68833,15.288472
6490,39.207367,21.915937,73.786934,6.42727
6491,39.416473,21.94006,74.33304,6.3988686
6492,37.309875,11.669646,-59.911144,-1.3759255
6493,36.556183,11.629956,-60.28608,-1.5044212
6494,35.92636,11.60798,8.6794615,3.7683666
6495,34.78958,11.556737,8.262664,3.656602
6496,33.921722,11.530621,13.395089,7.8323183
6497,32.784943,11.472961,13.154483,7.806313
6498,31.907684,11.445424,14.885462,9.418636
6499,30.444977,11.383073,14.57243,9.43737
6500,29.610413,11.353326,16.334492,10.358733
6501,29.500092,11.287405,16.183,10.355449
6502,29.489044,11.256852,17.377949,11.1053705
6503,29.385345,11.193484,17.258299,10.977727
6504,29.247803,11.168493,17.95872,11.813629
6505,30.063171,11.117249,17.716724,11.699635
6506,31.022034,11.105144,18.206972,12.348968
6507,32.455963,11.074064,17.924797,12.23827
6508,33.321014,11.07936,18.58638,12.727457
6509,34.447937,11.072841,18.367905,12.596809
6510,35.14209,11.097217,18.800037,12.7125025
6511,36.269012,11.117139,18.568838,12.570965
6512,36.89673,11.16127,17.968666,12.31677
6513,37.651947,11.207763,17.761505,12.16346
6649,36.782593,12.031935,9.521538,13.893181
6724,19.455475,5.421922,8.76416,-0.92225075
6725,55.4494,18.789143,44.615166,14.184528
7256,33.053528,16.455873,71.684074,26.195032
7262,9.75058,2.1425133,-442.6864,1.9564569
7263,46.280243,22.480467,40.27091,15.907431
7264,33.255005,15.379573,34.1547,10.110325
7265,19.586884,7.315576,33.36557,3.2700956
7706,38.857483,17.169287,66.36874,19.047182
7708,25.288086,5.203096,-19.92321,-0.05862713
7709,21.956238,4.8867574,-21.256983,-2.0474672
7710,19.80597,4.718963,-23.673069,-1.3587952
7711,94.22391,35.9221,23.32999,7.973343
7712,93.29831,35.95075,23.240053,7.982385
7713,94.14212,35.975903,20.753878,5.792922
7714,95.680084,36.009888,20.645649,5.7798805
7715,96.07309,36.038334,18.863636,4.5209827
7716,97.38556,36.07569,18.615515,4.58619
7717,97.778564,36.10692,17.452408,3.853786
7718,98.03082,36.14437,17.14933,3.9821327
7719,98.42383,36.177048,16.414827,3.4722984
7720,98.076294,36.21127,16.17192,3.6369503
7721,97.85486,36.24462,16.223526,3.4595728
7722,97.507324,36.27389,16.070343,3.6628723
7723,96.676575,36.308563,16.139364,3.9572954
7724,95.932526,36.332706,16.04985,4.2584124
7725,95.05795,36.369003,16.160023,4.860407
7726,95.06717,36.386616,16.090113,5.028528
7727,95.11514,36.421238,16.531403,5.5783153
7728,94.8573,36.428043,16.558916,5.6292353
7729,94.90527,36.455162,16.811954,5.987525
7730,94.63815,36.447952,16.94808,5.948603
7731,94.68613,36.464714,16.3612,5.5299463
7732,93.869965,36.445538,16.643597,5.4557505
7733,93.755035,36.45405,16.35946,4.6787977
7734,93.10019,36.428642,16.637653,4.564762
7735,93.14816,36.43274,16.910957,4.1752634
7736,32.54779,5.3940854,-62.455475,-10.437429
7737,31.601135,5.404186,-63.26779,-11.271548
7738,30.071106,5.426836,-62.84027,-10.977793
7739,29.024872,5.431677,-63.843323,-12.258757
7740,27.4917,5.437519,-64.90267,-12.240124
7741,26.531616,5.4345336,-66.90504,-14.827895
7742,25.234955,5.425929,-69.24036,-15.27102
7743,24.48587,5.4167714,-71.481384,-19.366192
7744,23.55194,5.397315,-73.83743,-19.870258
7745,23.056519,5.382121,-73.361465,-17.37051
7746,22.492737,5.3503547,-74.99621,-17.503525
7747,22.224854,5.323572,-68.47136,-9.683191
7748,21.961243,5.276204,-69.74729,-9.481394
7749,21.864258,5.233944,-61.013306,-6.698525
7750,21.818848,5.1742644,-62.371017,-6.523919
7751,21.849335,5.1173587,-54.554165,-5.165291
7752,21.985352,5.052782,-55.66653,-5.2862167
7753,18.29242,4.981929,-54.62228,-6.333041
7966,17.295502,6.0227547,15.925705,3.9938748
7967,15.794586,5.867476,26.116293,7.4506702
7968,23.56427,6.161206,-105.15849,-10.155654
7969,23.457,6.1965547,-103.53351,-10.867941
7970,27.761963,10.906443,48.21396,20.480806
7971,27.471527,10.838542,50.78511,21.22202
7972,28.098022,10.774698,52.19377,20.813066
7973,28.588104,10.860238,48.595024,17.436129
7974,29.960999,10.960156,47.837406,17.186874
7975,30.968567,11.062939,46.864082,16.77528
7976,34.55652,11.167002,46.89715,17.518484
7977,34.89795,11.083193,48.32871,17.797398
7978,29.23291,11.236211,44.384556,16.105318
7979,30.363708,11.303573,44.384163,15.845966
7980,30.98172,11.365634,43.92214,15.446287
7981,34.32596,11.523502,42.90013,14.942259
7982,34.839172,11.457857,43.4467,14.9800005
7983,35.300568,11.385825,43.26461,14.942187
7984,29.244568,11.486253,41.019005,13.640297
7985,29.541504,11.543,39.505928,13.127237
7986,30.551361,11.594937,38.93312,12.832726
7987,34.8602,11.812277,40.3844,11.909395
7988,35.447876,11.754481,39.846375,11.86468
7989,35.433624,11.694015,39.576298,11.780864
7990,28.924316,11.795945,37.376423,10.757822
7991,29.944214,11.836206,36.194492,10.51845
7992,30.562225,11.877301,36.22361,10.3138685
7993,34.574463,12.170934,37.66762,9.911573
7994,35.294403,12.154848,36.62166,9.819573
7995,35.809998,12.125591,35.761337,9.754544
7996,40.352936,12.099398,34.06986,9.369135
7997,39.707092,12.153701,32.284367,9.076118
7998,39.142212,12.220374,31.622679,8.960724
7999,38.35623,12.295754,31.470972,8.891887
8000,42.87921,12.623821,31.855637,9.053731
8001,42.844574,12.603559,29.75645,8.961105
8002,43.054382,12.574308,28.811825,8.923787
8003,41.542633,12.600167,25.677485,8.680039
8004,40.50821,12.659258,24.006588,8.502663
8005,40.110596,12.7287445,23.917843,8.430547
8006,33.955475,9.018611,-25.205338,-6.700909
8022,37.079193,6.2171936,4.289961,2.274549
8023,51.225983,18.084372,14.600182,3.0856133
8024,51.252045,18.141802,14.392662,3.0433714
8025,51.38141,18.178305,16.012764,3.343898
8026,51.00177,18.217388,15.84,3.3020914
8027,49.27481,18.252808,18.799543,4.538292
8028,51.035156,18.216465,21.989054,5.5223346
8029,51.57898,18.212437,24.552738,6.2716665
8030,52.46585,18.16712,24.900717,6.317055
8031,52.367737,18.157148,26.199371,6.6392126
8032,52.787994,18.100424,26.347088,6.629503
8033,52.68988,18.079317,26.956404,6.670779
8034,51.983948,18.012674,26.855076,6.5731287
8035,51.791565,17.98149,28.048117,6.509429
8036,51.085632,17.913414,27.935583,6.3498974
8037,50.27133,17.879622,29.234266,6.4503965
8038,49.20276,17.821138,29.022335,6.2882957
8039,13.972839,4.7801285,-71.861336,-9.008813
8040,14.171661,4.707824,-77.028595,-8.519018
8041,14.330231,4.603222,-80.64456,-8.525455
8042,14.417389,4.54237,-81.59206,-7.6211214
8043,14.434753,4.456927,-84.05079,-7.6646924
8044,14.392609,4.4098563,-82.07542,-7.030773
8045,14.311737,4.3515635,-82.98713,-7.1829557
8046,14.126587,4.3237395,-82.96306,-6.8743467
8047,13.886414,4.3022995,-83.64232,-6.886101
8048,13.877716,4.2962103,-89.22802,-6.9214106
8173,61.721115,17.777058,47.238956,18.732632
8308,26.231628,10.490785,-0.79677105,0.13181567
8309,27.676697,10.848238,-1.138711,0.02182722
8310,54.419525,16.216152,32.08863,13.1636915
8311,54.864197,16.163542,33.936005,14.079327
8312,54.920715,16.067036,34.78486,14.363819
8313,47.203644,15.575603,38.200855,15.982217
8314,44.90982,15.711611,37.358196,15.799147
8315,43.327637,15.88466,35.897923,15.396702
8316,55.05957,16.768314,40.083755,16.904533
8317,54.899567,16.710289,40.940987,17.307043
8318,55.042572,16.616055,40.773167,17.423702
8319,56.179443,16.278843,40.660328,17.716228
8320,56.084137,16.162174,41.297268,17.83107
8421,30.344849,13.717558,66.93196,28.072124
8422,20.217987,6.239276,36.362034,15.505815
8423,21.192902,6.3769946,31.254894,14.157116
8424,24.493744,6.4638186,36.636375,20.63027
8425,24.816254,6.337297,39.16046,22.701591
8426,19.049194,6.292526,42.63013,24.264723
8427,19.946869,6.447665,36.248005,21.97479
8428,20.874573,6.587745,31.115543,20.08409
8429,22.841003,6.857637,29.396719,18.080061
8430,24.884003,6.7389703,35.36111,20.005
8431,25.2417,6.636575,35.10031,20.275343
8432,25.45288,6.509357,33.86637,19.723564
8433,25.434143,6.3763056,33.863716,19.027466
8556,20.979614,5.244527,0.6559968,-0.5367279
8557,20.537476,3.9268303,-1.1471272,0.1919508
8558,20.829712,3.9037213,-0.58500767,0.3961861
8559,21.160034,3.858244,-0.7813215,0.2783358
8560,21.316833,3.8333194,-0.28853416,0.4629135
8561,21.474426,3.7841263,-0.5942464,0.3124714
8562,21.53772,3.760479,-0.19619465,0.47329068
8563,21.850403,3.7109332,-0.61944723,0.28976798
8564,22.007202,3.692731,-0.2994895,0.42682886
8565,22.164795,3.6473866,-0.78423023,0.21909475
8566,22.228088,3.6384144,-0.4790187,0.3445506
8567,22.27417,3.600054,-0.97607374,0.120443106
8568,22.277344,3.5997863,-0.62252283,0.25491714
8569,22.40979,3.5673678,-1.2564778,0.02887845
8570,22.473083,3.5727296,-0.9078026,0.17693043
8571,22.519165,3.546068,-1.6044021,-0.03336668
8572,22.522339,3.556615,-1.1786103,0.13893843
8573,22.487732,3.5381312,-1.6591668,-0.05453825
8574,22.435547,3.5544932,-1.1815429,0.14434457
8575,22.328003,3.54535,-1.4220357,-0.031793118
8576,22.331177,3.566457,-0.9174347,0.17513633
8577,22.29657,3.5654225,-1.161623,0.0063836575
8578,22.244385,3.5891128,-0.78155994,0.20189285
8579,22.111633,3.5936294,-1.1684656,0.025236607
8580,21.977722,3.6173375,-0.9365201,0.19782782
8581,21.808777,3.62398,-1.3910055,0.0140070915
8582,21.80603,3.6605546,-0.5479574,0.094497204
8583,21.676697,3.666843,-1.0419846,-0.08625984
8584,21.543213,3.6833465,-1.0445714,0.03964901
8585,21.276733,3.6860862,-1.5438557,-0.12800694
8586,21.228699,3.6968765,-1.5298486,-0.012004375
8587,21.099365,3.6942382,-2.0050645,-0.1521945
8588,20.965881,3.6985245,-1.8801689,-0.029051304
8589,20.798828,3.6887798,-2.2955656,-0.14162064
8590,20.750793,3.686665,-1.9954085,-0.0018596649
8591,20.62146,3.6694396,-2.2093773,-0.08471012
8592,20.545288,3.6616344,-1.7588973,0.071406364
8593,20.519531,3.6364484,-1.7748952,0.015330315
8594,20.471497,3.6228895,-1.2235999,0.17966032
8595,20.447632,3.5890238,-1.1313915,0.14130473
8596,20.690674,3.570244,-0.5624652,0.2999127
8597,21.068726,3.5282125,-0.5496144,0.26322603
8598,21.25409,3.506088,-0.074744225,0.39820075
8599,21.448608,3.4574764,-0.17985106,0.34364462
8600,21.532593,3.434746,0.18616319,0.43925643
8601,21.759094,3.3822217,-0.05749464,0.3594458
8602,21.944458,3.3628824,0.16787052,0.41253567
8603,22.138977,3.3108344,-0.19078255,0.30868053
8604,22.222961,3.299219,-0.06186962,0.32692552
8605,22.295044,3.2512197,-0.48874617,0.20726323
8606,22.312927,3.2476902,-0.38768053,0.20571947
8607,22.383972,3.2033603,-0.87662935,0.087594986
8608,22.467957,3.2048264,-0.740695,0.08944273
8609,22.54004,3.1640635,-1.278162,-0.023937225
8610,22.557922,3.1699243,-1.0507345,-0.0059962273
8611,22.19281,3.1359396,-1.3502359,-0.09458065
8612,22.276794,3.1504374,-1.0710597,-0.043070316
8613,21.325134,3.1274445,-1.0947227,-0.09762049
8614,21.510498,3.144623,-0.73964596,-0.027680397
8615,20.043457,3.1296291,-0.7173419,-0.067043304
8616,20.369751,3.1500862,-0.48021078,-0.0022053719
8617,18.973572,3.1431124,-0.65045357,-0.047910213
8618,18.958069,3.165695,-0.59872866,0.012087822
8619,18.207092,3.1645186,-0.88204145,-0.044047832
8620,17.790222,3.1870654,-0.9979129,-0.008523464
8621,17.049255,3.188616,-1.3494253,-0.07113218
8622,16.486633,3.2084208,-1.5729904,-0.052428246
8623,15.564941,3.2086296,-1.9370437,-0.11892319
8624,14.919373,3.2222688,-2.1729827,-0.10513067
8625,13.948181,3.2171078,-2.550304,-0.16514063
8626,13.327515,3.2228496,-2.6957989,-0.15230179
8627,12.487366,3.2108207,-3.0389547,-0.1918912
8628,12.016418,3.2094948,-3.0037642,-0.16067028
8629,11.486084,3.1899424,-3.1267643,-0.17105341
8630,11.269226,3.181838,-2.9102921,-0.12049675
8631,8.435852,3.1533275,-2.7149558,-0.091934204
8712,73.49509,33.84237,38.18134,13.988298
8713,55.949768,30.848768,33.43042,6.851453
8714,57.168427,30.906294,30.590523,7.396263
8715,58.348877,30.967825,22.580248,4.88165
8785,16.840607,4.8278728,9.5003605,1.6605794
8786,39.806763,20.075647,15.810066,4.091197
8787,13.569397,4.6313725,-54.221737,-5.0662637
8788,14.443329,4.930569,-107.50642,-10.219372
8791,18.934296,4.9732523,-14.131605,-2.7072072
8795,38.61322,15.854868,35.692684,11.593962
8831,38.143433,13.972657,0.9607136,0.14284253
8832,27.677002,11.233075,29.059511,5.3515434
8892,22.71991,4.9744782,-22.95748,1.943028
8893,61.096344,23.48515,-3.5366297,-0.97670555
8953,43.19693,21.719612,44.292015,16.210186
8954,25.51944,10.746279,58.984924,13.885939
8963,19.919983,6.498408,-14.378178,-8.569574
8964,57.33908,25.568071,40.990402,9.990126
8965,58.77191,25.256723,47.890972,14.780313
8966,56.388977,25.925072,17.563736,4.8128963
8993,15.009644,4.939371,46.97021,17.874527
9010,140.14917,47.0005,2.067858,0.47866702
9011,186.2242,66.11549,6.493682,4.3325186
9012,23.626251,8.05701,-54.175175,-5.4947734
9035,43.292908,15.552442,56.541206,24.513351
9036,11.003052,3.52696,-26.024998,-8.482159
9041,14.53595,4.7154765,-1.3895154,14.400655
9042,31.742462,13.940928,80.21149,33.095444
9053,14.978302,6.5202947,-64.172615,-4.8778653
9054,42.978363,16.903696,65.13265,25.608665
9092,40.152527,22.577223,34.953888,9.943258
9093,47.5506,18.72787,68.52041,25.907452
9146,33.48297,13.874803,2.2474527,0.28358102
9147,12.367401,3.182967,-11.634005,11.598122
9162,35.302277,14.711302,4.6451035,1.1244416
9163,21.710571,7.3067822,-4.1751504,-0.9547949
9164,42.723022,19.657803,53.71306,20.814991
9207,25.61325,12.444136,1.3837159,0.75609684
9208,41.02475,15.413228,13.014674,3.6700547
9209,28.219147,10.757619,7.993579,0.62624216
9240,0.0,0.0,-1750580000.0,-856378100.0
9241,0.0,0.0,-1817785200.0,-862657600.0
9242,0.0,0.0,-1824056000.0,-863843300.0
9243,0.0,0.0,-1767640000.0,-856122100.0
9244,0.0,0.0,-1765063600.0,-858401400.0
9245,0.0,0.0,-1776974300.0,-858482000.0
9246,0.0,0.0,-1778035600.0,-857365300.0
9247,0.0,0.0,-1779760800.0,-860756800.0
9248,0.0,0.0,-1773436400.0,-858486300.0
9249,0.0,0.0,-1760476800.0,-856910000.0
9250,0.0,0.0,-1821658000.0,-864065300.0
9251,0.0,0.0,-1854450000.0,-871580100.0
9516,0.0,0.0,-97686430000.0,-41157020000.0
9517,0.0,0.0,-95316310000.0,-39785910000.0
9518,0.0,0.0,-96799180000.0,-40578870000.0
9519,0.0,0.0,-1507621200.0,-843036800.0
9520,0.0,0.0,-93898630000.0,-39211807000.0
9521,0.0,0.0,-94053040000.0,-39328174000.0
9522,0.0,0.0,-1519862800.0,-854171600.0
9523,0.0,0.0,-1494493000.0,-854012700.0
9524,0.0,0.0,-92768240000.0,-39564460000.0
9525,0.0,0.0,-92018140000.0,-38908060000.0
9526,0.0,0.0,-92684280000.0,-39984378000.0
9527,0.0,0.0,-1463325400.0,-872780600.0
10164,0.0,0.0,-1422119600.0,-892241200.0
10165,0.0,0.0,-1419211500.0,-894186700.0
10166,0.0,0.0,-1417181800.0,-895426400.0
10167,0.0,0.0,-1411947400.0,-898710100.0
10168,0.0,0.0,-1455756300.0,-884001500.0
10169,0.0,0.0,-1423371000.0,-891177000.0
10170,0.0,0.0,-1429969300.0,-890876900.0
10171,0.0,0.0,-1424078600.0,-890978000.0
10172,0.0,0.0,-1420898800.0,-891986900.0
10173,0.0,0.0,-1418774300.0,-894373000.0
10174,0.0,0.0,-1435435900.0,-890075500.0
10175,0.0,0.0,-1427405400.0,-890294100.0
10212,0.0,0.0,-1657304800.0,-886736600.0
10213,0.0,0.0,-1625994800.0,-886347100.0
10214,0.0,0.0,-1661486100.0,-887419300.0
10215,0.0,0.0,-1647463400.0,-887284700.0
10216,0.0,0.0,-1636556900.0,-886484000.0
10217,0.0,0.0,-1652166300.0,-887292200.0
10218,0.0,0.0,-1639365600.0,-886324200.0
10219,0.0,0.0,-1643238100.0,-886910200.0
10220,0.0,0.0,-1632809700.0,-886358100.0
10221,0.0,0.0,-1667558700.0,-887374000.0
10222,0.0,0.0,-1673724400.0,-887410900.0
10223,0.0,0.0,-1669038100.0,-887961200.0
10380,0.0,0.0,-1431664400.0,-889288200.0
10381,0.0,0.0,-1430215700.0,-892494000.0
10382,0.0,0.0,-1425216300.0,-890716000.0
10383,0.0,0.0,-1422523300.0,-894362500.0
10384,0.0,0.0,-1423426600.0,-892447700.0
10385,0.0,0.0,-1419556900.0,-894797900.0
10386,0.0,0.0,-1427671800.0,-892851200.0
10387,0.0,0.0,-1423220400.0,-891617400.0
10388,0.0,0.0,-1429147300.0,-892684400.0
10389,0.0,0.0,-1425822300.0,-893633200.0
10390,0.0,0.0,-1425267500.0,-892297200.0
10391,0.0,0.0,-1430917400.0,-889366800.0
10416,0.0,0.0,-1429331500.0,-889851500.0
10417,0.0,0.0,-1426875600.0,-892691700.0
10418,0.0,0.0,-1412140000.0,-893112600.0
10419,0.0,0.0,-1419998000.0,-894891400.0
10420,0.0,0.0,-1397185200.0,-897875800.0
10421,0.0,0.0,-1424330100.0,-890680400.0
10422,0.0,0.0,-1427769100.0,-891087200.0
10423,0.0,0.0,-1424533200.0,-892694100.0
10424,0.0,0.0,-1422569700.0,-894312500.0
10425,0.0,0.0,-1419846300.0,-894732800.0
10426,0.0,0.0,-1410791200.0,-896606700.0
10427,0.0,0.0,-1420779300.0,-894715700.0
10884,0.0,0.0,-1422779300.0,-894022300.0
10885,0.0,0.0,-1424338000.0,-893439700.0
10886,0.0,0.0,-1417672400.0,-895296800.0
10887,0.0,0.0,-1423051600.0,-891055200.0
10888,0.0,0.0,-1416978600.0,-892614800.0
10889,0.0,0.0,-1417447200.0,-895665900.0
10890,0.0,0.0,-1419546800.0,-894927900.0
10891,0.0,0.0,-1425113600.0,-891051000.0
10892,0.0,0.0,-1424653000.0,-890877100.0
10893,0.0,0.0,-1425044900.0,-891836000.0
10894,0.0,0.0,-1418338000.0,-892284000.0
10895,0.0,0.0,-1420322600.0,-895197400.0
10944,0.0,0.0,-1498453200.0,-874849000.0
10945,0.0,0.0,-1525091500.0,-869651400.0
10946,0.0,0.0,-1524381200.0,-870690800.0
10947,0.0,0.0,-1506448900.0,-871825700.0
10948,0.0,0.0,-1521364200.0,-870503900.0
10949,0.0,0.0,-1503104900.0,-872242300.0
10950,0.0,0.0,-1511965200.0,-869012800.0
10951,0.0,0.0,-1508510200.0,-873204800.0
10952,0.0,0.0,-1521883400.0,-870838700.0
10953,0.0,0.0,-1503985700.0,-874059500.0
10954,0.0,0.0,-1507748600.0,-873576200.0
10955,0.0,0.0,-1509694500.0,-869571200.0
11136,0.0,0.0,-1420429300.0,-894203300.0
11137,0.0,0.0,-1411219500.0,-896404400.0
11138,0.0,0.0,-1419116900.0,-894988500.0
11139,0.0,0.0,-1420425900.0,-893948400.0
11140,0.0,0.0,-1426443800.0,-891452900.0
11141,0.0,0.0,-1427178900.0,-890672600.0
11142,0.0,0.0,-1421455400.0,-894527500.0
11143,0.0,0.0,-1421347000.0,-893334400.0
11144,0.0,0.0,-1420730800.0,-892681800.0
11145,0.0,0.0,-1417742300.0,-895170500.0
11146,0.0,0.0,-1422430300.0,-891378600.0
11147,0.0,0.0,-1421447300.0,-894471400.0
11184,0.0,0.0,-1421764400.0,-891425700.0
11185,0.0,0.0,-1439456000.0,-886512100.0
11186,0.0,0.0,-1423039700.0,-891130200.0
11187,0.0,0.0,-1413259000.0,-893228800.0
11188,0.0,0.0,-1421135400.0,-891904300.0
11189,0.0,0.0,-1425043500.0,-896854500.0
11190,0.0,0.0,-1418699100.0,-894944600.0
11191,0.0,0.0,-1415003100.0,-895931400.0
11192,0.0,0.0,-1423687000.0,-894094300.0
11193,0.0,0.0,-1427575000.0,-893186200.0
11194,0.0,0.0,-1416325200.0,-894198000.0
11195,0.0,0.0,-1423563400.0,-893744900.0
11304,0.0,0.0,-1760279600.0,-857750400.0
11305,0.0,0.0,-1790091600.0,-862267400.0
11306,0.0,0.0,-1768892000.0,-856532200.0
11307,0.0,0.0,-1796580000.0,-863007800.0
11308,0.0,0.0,-1780770800.0,-860832200.0
11309,0.0,0.0,-1789466400.0,-860121000.0
11310,0.0,0.0,-1762804000.0,-855720600.0
11311,0.0,0.0,-1682403600.0,-845926200.0
11312,0.0,0.0,-1766621200.0,-861028600.0
11313,0.0,0.0,-1759469600.0,-860331700.0
11314,0.0,0.0,-1760565600.0,-858898100.0
11315,0.0,0.0,-1774773200.0,-859000600.0
11592,0.0,0.0,-1741505500.0,-852518500.0
11593,0.0,0.0,-1768159600.0,-858809900.0
11594,0.0,0.0,-1781906000.0,-858211900.0
11595,0.0,0.0,-1789056400.0,-860235500.0
11596,0.0,0.0,-1765818000.0,-856951600.0
11597,0.0,0.0,-1769602000.0,-856101600.0
11598,0.0,0.0,-1771500800.0,-859188400.0
11599,0.0,0.0,-1772597200.0,-858901700.0
11600,0.0,0.0,-1766034400.0,-857450300.0
11601,0.0,0.0,-1757917600.0,-854474200.0
11602,0.0,0.0,-1748839200.0,-856002200.0
11603,0.0,0.0,-1750264800.0,-855340300.0
11796,0.0,0.0,-1757817200.0,-856223100.0
11797,0.0,0.0,-1771124000.0,-859499300.0
11798,0.0,0.0,-1760244000.0,-855121400.0
11799,0.0,0.0,-1758300400.0,-856020700.0
11800,0.0,0.0,-1770770000.0,-859124900.0
11801,0.0,0.0,-1761191200.0,-857226600.0
11802,0.0,0.0,-1750865700.0,-855984400.0
11803,0.0,0.0,-1765182500.0,-856025800.0
11804,0.0,0.0,-1742353200.0,-854404800.0
11805,0.0,0.0,-1732638800.0,-851455800.0
11806,0.0,0.0,-1765562800.0,-857769000.0
11807,0.0,0.0,-1766464400.0,-857018500.0
11808,0.0,0.0,-1707766400.0,-844312500.0
11809,0.0,0.0,-1783894400.0,-864207300.0
11810,0.0,0.0,-1756557600.0,-856249900.0
11811,0.0,0.0,-1779392000.0,-859389400.0
11812,0.0,0.0,-1771653600.0,-858243800.0
11813,0.0,0.0,-1747672400.0,-853423900.0
11814,0.0,0.0,-1784088000.0,-861970100.0
11815,0.0,0.0,-1738513200.0,-854164400.0
11816,0.0,0.0,-1762827600.0,-857888900.0
11817,0.0,0.0,-1762427600.0,-858100600.0
11818,0.0,0.0,-1764744400.0,-855424400.0
11819,0.0,0.0,-1748450000.0,-855458500.0
12492,0.0,0.0,-1740901200.0,-852631800.0
12493,0.0,0.0,-1749529600.0,-855765000.0
12494,0.0,0.0,-1768643200.0,-858325500.0
12495,0.0,0.0,-1771282400.0,-859480500.0
12496,0.0,0.0,-1764186800.0,-856174600.0
12497,0.0,0.0,-1773888800.0,-859870500.0
12498,0.0,0.0,-1772154000.0,-859173200.0
12499,0.0,0.0,-1773627100.0,-857946900.0
12500,0.0,0.0,-1755658400.0,-854769500.0
12501,0.0,0.0,-1765438000.0,-857896400.0
12502,0.0,0.0,-1787849600.0,-858982400.0
12503,0.0,0.0,-1769873200.0,-856651000.0
12732,0.0,0.0,-1532314000.0,-869295400.0
12733,0.0,0.0,-1515021700.0,-870548500.0
12734,0.0,0.0,-1515402600.0,-868393200.0
12735,0.0,0.0,-1503089900.0,-873781100.0
12736,0.0,0.0,-1504891600.0,-870462700.0
12737,0.0,0.0,-1509178900.0,-871198500.0
12738,0.0,0.0,-1495001000.0,-872108600.0
12739,0.0,0.0,-1497909000.0,-874852700.0
12740,0.0,0.0,-1537884800.0,-865783100.0
12741,0.0,0.0,-1512524700.0,-870482400.0
12742,0.0,0.0,-1515588400.0,-868952800.0
12743,0.0,0.0,-1509110500.0,-874538900.0
12744,0.0,0.0,-1507477400.0,-873021000.0
12745,0.0,0.0,-1507163100.0,-873242300.0
12746,0.0,0.0,-1500077400.0,-874772900.0
12747,0.0,0.0,-1526764800.0,-870195800.0
12748,0.0,0.0,-1495012000.0,-872150600.0
12749,0.0,0.0,-1506027800.0,-872792400.0
12750,0.0,0.0,-1506510100.0,-871308500.0
12751,0.0,0.0,-1510974800.0,-873536700.0
12752,0.0,0.0,-1519904300.0,-870817600.0
12753,0.0,0.0,-1503913000.0,-870508200.0
12754,0.0,0.0,-1509593000.0,-869582300.0
12755,0.0,0.0,-1502901500.0,-874284600.0
12828,0.0,0.0,-1400500400.0,-898166600.0
12829,0.0,0.0,-1425934500.0,-892100200.0
12830,0.0,0.0,-1419095600.0,-892097600.0
12831,0.0,0.0,-1422016500.0,-891299200.0
12832,0.0,0.0,-1424746100.0,-891057700.0
12833,0.0,0.0,-1421015800.0,-895929900.0
12834,0.0,0.0,-1426371000.0,-893787400.0
12835,0.0,0.0,-1422957800.0,-894041300.0
12836,0.0,0.0,-1423605600.0,-891007300.0
12837,0.0,0.0,-1427974800.0,-894690100.0
12838,0.0,0.0,-1422229200.0,-891383900.0
12839,0.0,0.0,-1428337300.0,-890294400.0
12840,0.0,0.0,-1424298500.0,-893956600.0
12841,0.0,0.0,-1428464600.0,-890138100.0
12842,0.0,0.0,-1428496300.0,-889814100.0
12843,0.0,0.0,-1423480000.0,-892361600.0
12844,0.0,0.0,-1418190700.0,-895068400.0
12845,0.0,0.0,-1421961300.0,-894735200.0
12846,0.0,0.0,-1422752600.0,-894195300.0
12847,0.0,0.0,-1421768400.0,-894068800.0
12848,0.0,0.0,-1423695700.0,-893096800.0
12849,0.0,0.0,-1422299100.0,-894342300.0
12850,0.0,0.0,-1414530600.0,-895149300.0
12851,0.0,0.0,-1422584300.0,-894717400.0
12936,0.0,0.0,-93758685000.0,-39248024000.0
12937,0.0,0.0,-1506825700.0,-851857400.0
12938,0.0,0.0,-93542736000.0,-39373517000.0
12939,0.0,0.0,-91779500000.0,-39376980000.0
12940,0.0,0.0,-1517631900.0,-862019200.0
12941,0.0,0.0,-92254820000.0,-39092070000.0
12942,0.0,0.0,-78338600000.0,-20678457000.0
12943,0.0,0.0,-93978490000.0,-39885447000.0
12944,0.0,0.0,-92649775000.0,-39531946000.0
12945,0.0,0.0,-92073615000.0,-39150350000.0
12946,0.0,0.0,-93918670000.0,-39914435000.0
12947,0.0,0.0,-92321220000.0,-39131480000.0
12996,0.0,0.0,-1798488800.0,-863790700.0
12997,0.0,0.0,-1791242000.0,-860758100.0
12998,0.0,0.0,-1779622800.0,-860393500.0
12999,0.0,0.0,-1755637600.0,-854170200.0
13000,0.0,0.0,-1785706800.0,-861319600.0
13001,0.0,0.0,-1735899100.0,-852985200.0
13002,0.0,0.0,-1744920400.0,-854576500.0
13003,0.0,0.0,-1781706000.0,-861224100.0
13004,0.0,0.0,-1747619600.0,-852887300.0
13005,0.0,0.0,-1748504400.0,-855821600.0
13006,0.0,0.0,-1745312800.0,-852520600.0
13007,0.0,0.0,-1773268000.0,-857815900.0
13200,0.0,0.0,-1427860700.0,-890035800.0
13201,0.0,0.0,-1423717500.0,-894408700.0
13202,0.0,0.0,-1419489000.0,-895029400.0
13203,0.0,0.0,-1429200600.0,-892649800.0
13204,0.0,0.0,-1417044900.0,-895443700.0
13205,0.0,0.0,-1414342700.0,-896268600.0
13206,0.0,0.0,-1414600800.0,-898170200.0
13207,0.0,0.0,-1422175100.0,-892191400.0
13208,0.0,0.0,-1418945300.0,-895050000.0
13209,0.0,0.0,-1414607500.0,-896203900.0
13210,0.0,0.0,-1415716900.0,-892825600.0
13211,0.0,0.0,-1426438000.0,-890807900.0
13320,0.0,0.0,-1727156400.0,-849907700.0
13321,0.0,0.0,-1778259200.0,-860398800.0
13322,0.0,0.0,-1803828700.0,-863931300.0
13323,0.0,0.0,-1748020400.0,-854508900.0
13324,0.0,0.0,-1766458400.0,-856668300.0
13325,0.0,0.0,-1764788700.0,-858487700.0
13326,0.0,0.0,-1771353200.0,-856670700.0
13327,0.0,0.0,-1760792000.0,-857644400.0
13328,0.0,0.0,-1766286000.0,-857339300.0
13329,0.0,0.0,-1762780800.0,-856715900.0
13330,0.0,0.0,-1776320400.0,-860177400.0
13331,0.0,0.0,-1771047200.0,-859110300.0
13332,0.0,0.0,-1514894300.0,-1104883100.0
13333,0.0,0.0,-1503398900.0,-874037000.0
13334,0.0,0.0,-1514383700.0,-870255100.0
13335,0.0,0.0,-1511643300.0,-872918600.0
13336,0.0,0.0,-1532666200.0,-865073500.0
13337,0.0,0.0,-1521427000.0,-871421200.0
13338,0.0,0.0,-1505511000.0,-873960800.0
13339,0.0,0.0,-1497116700.0,-871462300.0
13340,0.0,0.0,-1506022100.0,-872553400.0
13341,0.0,0.0,-1520061300.0,-871002000.0
13342,0.0,0.0,-1514057300.0,-872471200.0
13343,0.0,0.0,-1519296600.0,-871779700.0
13368,0.0,0.0,-1661584000.0,-888401500.0
13369,0.0,0.0,-1542852000.0,-884990700.0
13370,0.0,0.0,-1657159000.0,-888075900.0
13371,0.0,0.0,-1655055700.0,-887389000.0
13372,0.0,0.0,-1659786200.0,-887556300.0
13373,0.0,0.0,-1608454000.0,-885364700.0
13374,0.0,0.0,-1651200100.0,-887210600.0
13375,0.0,0.0,-1621977300.0,-885710500.0
13376,0.0,0.0,-1653121500.0,-886669500.0
13377,0.0,0.0,-1639052500.0,-886896800.0
13378,0.0,0.0,-1631596900.0,-886145200.0
13379,0.0,0.0,-1646953700.0,-886523300.0
13428,0.0,0.0,-12893452000.0,-4765468000.0
13429,0.0,0.0,-11251780000.0,-4952156000.0
13430,0.0,0.0,-8780814000.0,-2315961600.0
13431,0.0,0.0,-10650724000.0,-5390194700.0
13432,0.0,0.0,-12771184000.0,-4835445000.0
13433,0.0,0.0,-12262083000.0,-5302978000.0
13434,0.0,0.0,-10869628000.0,-2604252400.0
13435,0.0,0.0,-11936797000.0,-4579308500.0
13436,0.0,0.0,-11896250000.0,-3015828000.0
13437,0.0,0.0,-13190831000.0,-2732552400.0
13438,0.0,0.0,-12920930000.0,-4272420400.0
13439,0.0,0.0,-8166860000.0,-2446746000.0
13464,0.0,0.0,-1623682000.0,-852353600.0
13465,0.0,0.0,-1492314800.0,-847017100.0
13466,0.0,0.0,-1694850000.0,-914190500.0
13467,0.0,0.0,-1567007500.0,-863093100.0
13468,0.0,0.0,-1506998900.0,-851939600.0
13469,0.0,0.0,-1527128600.0,-855765800.0
13470,0.0,0.0,-1671279000.0,-888283300.0
13471,0.0,0.0,-1511375200.0,-845027000.0
13472,0.0,0.0,-1630167700.0,-863887500.0
13473,0.0,0.0,-1686570800.0,-915713400.0
13474,0.0,0.0,-1613361300.0,-851589600.0
13475,0.0,0.0,-1666535600.0,-857123900.0
13488,0.0,0.0,-1422590500.0,-897287300.0
13489,0.0,0.0,-1425286900.0,-889900700.0
13490,0.0,0.0,-1424391600.0,-894118000.0
13491,0.0,0.0,-1432881700.0,-891102500.0
13492,0.0,0.0,-1420431000.0,-895048200.0
13493,0.0,0.0,-1428819200.0,-890236300.0
13494,0.0,0.0,-1429614800.0,-891052700.0
13495,0.0,0.0,-1430685700.0,-891069400.0
13496,0.0,0.0,-1430436400.0,-889963900.0
13497,0.0,0.0,-1420079200.0,-896293600.0
13498,0.0,0.0,-1424283100.0,-892515900.0
13499,0.0,0.0,-1424110100.0,-892011300.0
13548,0.0,0.0,-1793524400.0,-862388100.0
13549,0.0,0.0,-1747653600.0,-856162700.0
13550,0.0,0.0,-1752103600.0,-856653800.0
13551,0.0,0.0,-1794112000.0,-862861900.0
13552,0.0,0.0,-1761089200.0,-856882800.0
13553,0.0,0.0,-3767277300.0,-1080662700.0
13554,0.0,0.0,-1782994000.0,-861247800.0
13555,0.0,0.0,-1787109600.0,-860902100.0
13556,0.0,0.0,-1787862400.0,-861728800.0
13557,0.0,0.0,-1749679200.0,-856175900.0
13558,0.0,0.0,-1752324000.0,-853034500.0
13559,0.0,0.0,-1750692000.0,-856350400.0
13704,0.0,0.0,-1682095600.0,-865246800.0
13705,0.0,0.0,-1716592400.0,-936950400.0
13706,0.0,0.0,-1707714800.0,-921604200.0
13707,0.0,0.0,-1617594800.0,-874888800.0
13708,0.0,0.0,-1663341000.0,-909994700.0
13709,0.0,0.0,-1694532900.0,-926860500.0
13710,0.0,0.0,-1636048000.0,-855579100.0
13711,0.0,0.0,-1629347700.0,-865286000.0
13712,0.0,0.0,-1621770600.0,-862693600.0
13713,0.0,0.0,-1652766000.0,-883659000.0
13714,0.0,0.0,-1663263200.0,-893986700.0
13715,0.0,0.0,-1631898000.0,-865931800.0
13812,0.0,0.0,-1501508400.0,-872529800.0
13813,0.0,0.0,-63475630000.0,-17456374000.0
13814,0.0,0.0,-1507540400.0,-872521400.0
13815,0.0,0.0,-1396961200.0,-910725600.0
13816,0.0,0.0,-1506091100.0,-873913500.0
13817,0.0,0.0,-11770031000.0,-2935840000.0
13818,0.0,0.0,-1671190300.0,-1116205400.0
13819,0.0,0.0,-1506158600.0,-873861000.0
13820,0.0,0.0,-14166818000.0,-2480972000.0
13821,0.0,0.0,-1460819200.0,-882588900.0
13822,0.0,0.0,-107847730000.0,-30696526000.0
13823,0.0,0.0,-1926572800.0,-1250856400.0
13932,0.0,0.0,-1769989600.0,-856374200.0
13933,0.0,0.0,-1781626400.0,-858267500.0
13934,0.0,0.0,-1767688800.0,-858662300.0
13935,0.0,0.0,-1783920000.0,-859990000.0
13936,0.0,0.0,-1776925200.0,-857687100.0
13937,0.0,0.0,-1789478000.0,-862089400.0
13938,0.0,0.0,-1778895600.0,-860755400.0
13939,0.0,0.0,-1790485200.0,-859549500.0
13940,0.0,0.0,-1782756900.0,-859210800.0
13941,0.0,0.0,-1773839600.0,-856807500.0
13942,0.0,0.0,-1734908400.0,-850792700.0
13943,0.0,0.0,-1773939200.0,-859347200.0
13944,0.0,0.0,-8352004000.0,-853044000.0
13945,0.0,0.0,-10593872000.0,-2700411100.0
13946,0.0,0.0,-15316083000.0,-3067102700.0
13947,0.0,0.0,-12471391000.0,-3297759500.0
13948,0.0,0.0,-9739453000.0,-2648527600.0
13949,0.0,0.0,-4068064500.0,-746952960.0
13950,0.0,0.0,-11868671000.0,-2900698000.0
13951,0.0,0.0,-12043598000.0,-2903107600.0
13952,0.0,0.0,-10483421000.0,-2744471300.0
13953,0.0,0.0,-67219993000.0,-21531578000.0
13954,0.0,0.0,-10258274000.0,-2869632000.0
13955,0.0,0.0,-11870169000.0,-3056629500.0
14184,0.0,0.0,-1763712800.0,-857041400.0
14185,0.0,0.0,-1771005200.0,-859372800.0
14186,0.0,0.0,-1764640800.0,-855520600.0
14187,0.0,0.0,-1763168800.0,-856577500.0
14188,0.0,0.0,-1771461200.0,-856430800.0
14189,0.0,0.0,-1770716800.0,-859075900.0
14190,0.0,0.0,-1767406000.0,-857420700.0
14191,0.0,0.0,-1706422000.0,-849426800.0
14192,0.0,0.0,-1756480000.0,-857093200.0
14193,0.0,0.0,-1767897200.0,-857363300.0
14194,0.0,0.0,-1756693200.0,-854604400.0
14195,0.0,0.0,-1769870800.0,-856177900.0
14388,0.0,0.0,-1768430300.0,-856098800.0
14389,0.0,0.0,-1767055600.0,-855948500.0
14390,0.0,0.0,-1766169600.0,-855463900.0
14391,0.0,0.0,-1758288000.0,-854800900.0
14392,0.0,0.0,-1754606300.0,-856649000.0
14393,0.0,0.0,-1790895200.0,-861792500.0
14394,0.0,0.0,-1788229600.0,-858602900.0
14395,0.0,0.0,-1777848000.0,-860296200.0
14396,0.0,0.0,-1757489700.0,-856142500.0
14397,0.0,0.0,-1826270500.0,-867607500.0
14398,0.0,0.0,-1766594800.0,-858758000.0
14399,0.0,0.0,-1767840000.0,-857918800.0
14472,0.0,0.0,-1510109200.0,-870274100.0
14473,0.0,0.0,-1511302500.0,-872728000.0
14474,0.0,0.0,-1507529100.0,-873521700.0
14475,0.0,0.0,-1499670800.0,-872349800.0
14476,0.0,0.0,-1521612500.0,-870915800.0
14477,0.0,0.0,-1509992400.0,-873011700.0
14478,0.0,0.0,-1509059100.0,-873003400.0
14479,0.0,0.0,-1509368800.0,-868978100.0
14480,0.0,0.0,-1497422300.0,-875455800.0
14481,0.0,0.0,-1518374700.0,-871997600.0
14482,0.0,0.0,-1487000000.0,-876256700.0
14483,0.0,0.0,-1509831600.0,-869505000.0
14784,0.0,0.0,-3285989000.0,-1181094100.0
14785,0.0,0.0,-3473997300.0,-1167523000.0
14786,0.0,0.0,-3020076300.0,-1173539600.0
14787,0.0,0.0,-3444954000.0,-1161853000.0
14788,0.0,0.0,-3367079000.0,-1170221000.0
14789,0.0,0.0,-3656354800.0,-1053210000.0
14790,0.0,0.0,-3472271000.0,-1171637600.0
14791,0.0,0.0,-3391309600.0,-1168633900.0
14792,0.0,0.0,-9001748000.0,-2518733300.0
14793,0.0,0.0,-3214322000.0,-1190209700.0
14794,0.0,0.0,-3363060500.0,-1174596900.0
14795,0.0,0.0,-3378331100.0,-1181770900.0
14892,0.0,0.0,-1514398500.0,-872197600.0
14893,0.0,0.0,-1514388400.0,-876363000.0
14894,0.0,0.0,-1501097700.0,-873221700.0
14895,0.0,0.0,-1502479500.0,-874476200.0
14896,0.0,0.0,-1515205900.0,-869069500.0
14897,0.0,0.0,-1511213200.0,-872983200.0
14898,0.0,0.0,-1519351200.0,-871298100.0
14899,0.0,0.0,-1497998700.0,-874802300.0
14900,0.0,0.0,-1523994100.0,-870604900.0
14901,0.0,0.0,-1512421000.0,-872825800.0
14902,0.0,0.0,-1505556700.0,-870979000.0
14903,0.0,0.0,-1502712700.0,-874238100.0
14928,0.0,0.0,-1510768000.0,-873177300.0
14929,0.0,0.0,-1503016100.0,-874107200.0
14930,0.0,0.0,-1496921300.0,-875086200.0
14931,0.0,0.0,-1510809300.0,-869320100.0
14932,0.0,0.0,-1509849000.0,-873276200.0
14933,0.0,0.0,-1522262000.0,-869433300.0
14934,0.0,0.0,-1501664000.0,-874495000.0
14935,0.0,0.0,-1503907100.0,-870590900.0
14936,0.0,0.0,-1506083200.0,-871757000.0
14937,0.0,0.0,-1512947700.0,-870842200.0
14938,0.0,0.0,-1507302900.0,-869838100.0
14939,0.0,0.0,-1520594700.0,-871019300.0
14988,0.0,0.0,-1433969200.0,-888647900.0
14989,0.0,0.0,-1427623700.0,-892992700.0
14990,0.0,0.0,-1420063400.0,-893870900.0
14991,0.0,0.0,-1423880400.0,-893380500.0
14992,0.0,0.0,-1425157800.0,-890664100.0
14993,0.0,0.0,-1428075600.0,-890978500.0
14994,0.0,0.0,-1421685000.0,-894768200.0
14995,0.0,0.0,-1422545500.0,-894319000.0
14996,0.0,0.0,-1419549200.0,-894292900.0
14997,0.0,0.0,-1431484000.0,-889478200.0
14998,0.0,0.0,-1420204300.0,-893640000.0
14999,0.0,0.0,-1414351100.0,-895083300.0
15012,0.0,0.0,-1767073500.0,-858556700.0
15013,0.0,0.0,-1780146000.0,-860467900.0
15014,0.0,0.0,-1768418800.0,-855939700.0
15015,0.0,0.0,-1778348800.0,-857474600.0
15016,0.0,0.0,-1765706400.0,-861103500.0
15017,0.0,0.0,-1775231200.0,-859842400.0
15018,0.0,0.0,-1787071200.0,-860277200.0
15019,0.0,0.0,-1765568800.0,-856767900.0
15020,0.0,0.0,-1783294500.0,-859179300.0
15021,0.0,0.0,-1772934400.0,-859491200.0
15022,0.0,0.0,-1801784000.0,-863328700.0
15023,0.0,0.0,-1779376000.0,-858395900.0
