alpha,rmse_gain,superior,imp_median,deg_median,worst10,worst1,severe10,severe20,severe30
0.0,4.98,64.01,4.79,-0.81,-19.08,-57.14,5.39,2.82,2.45
0.1,6.93,82.86,7.10,-5.80,-31.51,-69.26,6.61,5.26,4.41
0.2,10.06,82.74,11.01,-5.29,-24.56,-77.60,6.61,3.30,2.57
0.3,9.96,73.44,17.45,-9.07,-35.84,-96.22,12.24,5.14,3.79
0.4,12.96,75.89,18.71,-9.02,-30.50,-96.08,10.65,6.00,4.04
0.5,16.88,76.25,22.17,-10.23,-48.60,-143.34,12.00,6.98,6.12
0.6,18.36,77.11,23.74,-3.92,-33.91,-156.72,7.83,4.04,3.43
0.7,18.50,78.09,19.64,-5.59,-55.49,-155.57,9.67,7.10,6.36
0.8,22.24,77.36,23.27,-5.96,-40.87,-162.23,10.40,7.10,4.16
0.9,23.85,75.89,23.42,-22.35,-67.44,-198.30,17.50,12.85,9.42
1.0,21.83,65.48,23.01,-5.34,-54.86,-199.79,14.44,9.30,6.73
