tau,miss_rate,intervention_rate
12.0,0.0,64.1738
12.5,0.0,63.8889
13.0,0.0,63.8889
13.5,0.0,63.8177
14.0,0.0,63.4615
14.5,0.0,62.8917
15.0,0.0,62.6068
15.5,0.0,62.3932
16.0,0.0,61.7521
16.5,0.0,61.6097
17.0,0.0,61.4672
17.5,0.0,61.1823
18.0,0.0,60.755
18.5,0.0,59.5442
19.0,0.0,59.0456
19.5,0.0,58.6895
20.0,0.0,58.1909
20.5,0.0,57.5499
21.0,0.0,56.6239
21.5,0.0,55.7692
22.0,0.0,54.2735
22.5,0.0,52.2792
23.0,0.0,51.4957
23.5,0.0,50.9259
24.0,0.0,49.9288
24.5,0.0,49.2877
25.0,0.1096,48.7892
25.5,0.2193,47.9345
26.0,0.5482,47.3647
26.5,0.7675,46.2251
27.0,0.9868,45.1567
27.5,1.0965,44.8006
28.0,1.4254,44.0883
28.5,1.864,42.8775
29.0,2.0833,41.8091
29.5,2.9605,39.7436
30.0,3.5088,37.3219
30.5,4.2763,36.2536
31.0,5.1535,35.6125
31.5,5.8114,35.1852
32.0,6.7982,34.2593
32.5,7.6754,33.6182
33.0,8.6623,32.906
33.5,10.307,31.4815
34.0,11.5132,30.5556
34.5,12.1711,29.6296
35.0,14.0351,27.7778
35.5,15.6798,26.3533
36.0,16.886,25.5698
