sample_idx,peak,sgp4_rmse,eta,is_dangerous_if_not_intervened
1690,29.471313,15.094161,-2.4401069,1
1691,29.279297,15.0583315,39.34357,1
1692,29.14447,15.0579405,38.302197,1
1693,28.49527,14.9880905,39.053963,0
1694,28.540558,14.978125,37.85299,0
1695,28.348541,14.880048,38.97581,0
1696,28.213715,14.862009,37.799423,0
1697,28.092041,14.7445,40.087574,0
1698,28.027588,14.721223,38.980293,0
1699,28.882233,14.596159,42.17504,0
1700,29.008698,14.57229,41.21172,0
1701,29.12622,14.454063,44.325657,0
1702,29.061768,14.434,43.423782,0
1703,29.507019,14.335967,45.534122,0
1704,29.633484,14.321718,44.67107,0
1705,29.751007,14.254629,45.65366,0
1706,29.686554,14.247907,44.8292,0
1707,29.797302,14.22002,43.954147,0
1708,29.923767,14.222853,43.194874,0
1709,30.04129,14.237457,37.57393,0
1710,29.976837,14.250319,36.880547,0
1711,29.876251,14.304542,26.418638,0
1712,30.002716,14.326341,25.742643,0
1713,30.12024,14.412359,13.294542,0
1714,30.055786,14.440942,12.676072,0
1715,30.113525,6.679448,5.545253,0
1716,30.09674,6.660932,5.103451,0
1717,29.951813,6.629064,5.777681,0
1718,29.891083,6.5967503,5.421156,0
1719,29.74405,6.5158405,4.8109827,0
1720,29.727264,6.4699016,4.7268033,0
1721,29.582336,6.345789,4.0469646,0
1722,29.521606,6.2842617,4.1692553,0
1723,29.149536,6.123757,3.6570609,0
1724,29.019623,6.046316,3.9764345,0
1725,28.334656,5.8628807,3.8788319,0
1726,28.20517,5.7744365,4.461175,0
1727,27.8331,5.5877905,4.638034,0
1728,27.703186,5.494158,5.5550156,0
1729,27.018219,5.3259635,5.6303444,0
1730,26.804901,5.2316074,6.7186832,0
1731,25.796356,5.104342,6.2751827,0
1732,25.627228,5.0134535,7.289088,0
1733,26.017029,4.9472337,6.027472,0
1734,26.095306,4.8630366,6.714463,0
1735,26.924347,4.8697314,4.6552,0
1736,26.702393,4.795148,4.8619566,0
1737,27.47696,4.8764277,2.342087,0
1738,27.63144,4.8174644,2.167356,0
1739,28.104797,4.964352,-0.41985512,0
1740,28.190765,4.92666,-0.7609248,0
1741,28.478271,5.118292,-3.1056166,0
1742,28.632751,5.1021905,-3.201449,0
1743,29.10611,5.312747,-5.0335884,0
1744,29.192078,5.3145013,-4.6835303,0
1745,29.43509,5.519592,-5.9834123,0
1746,29.475525,5.5317087,-5.195093,0
1747,29.580536,5.7094913,-6.047094,0
1748,29.595337,5.7227106,-5.1674366,0
1749,29.621765,5.8562145,-5.833161,0
1750,29.6622,5.862661,-5.2929997,0
1751,29.767212,5.9407673,-5.767989,0
1752,29.782013,5.934729,-6.106949,0
1753,29.800537,5.9518943,-6.922245,0
1754,29.793793,5.9302435,-8.449686,0
1755,29.703339,5.8868923,-9.833706,0
1756,29.66037,5.8493037,-12.2021675,0
1757,29.375916,5.7503524,-14.311827,0
1758,29.271545,5.696032,-17.201733,0
1759,28.930756,5.546585,-19.980299,0
1760,28.887787,5.4725747,-23.11474,0
1761,28.603333,5.280396,-25.995838,0
1762,28.498962,5.1876297,-28.959703,0
1763,27.923767,4.9689236,-31.50407,0
1764,27.73825,4.863065,-34.221054,0
1765,26.93216,4.639876,-36.765884,0
1766,26.82779,4.526207,-39.36634,0
1767,26.252594,4.3239737,-41.92704,0
1768,26.067078,4.207102,-44.415295,0
1769,25.331848,4.054705,-46.609367,0
1770,25.538696,3.9398217,-48.637592,0
1771,26.208954,3.864552,-50.37799,0
1772,25.89209,3.7564971,-53.402256,0
1773,26.867981,3.7757003,-53.627026,0
1774,25.423859,3.6813712,-56.991577,0
1775,26.61676,3.7981865,-54.85505,0
1776,24.088196,3.7285357,-57.373665,0
1777,25.300812,3.9275365,-53.264606,0
1778,22.056244,3.8889759,-54.457462,0
1779,23.032196,4.138079,-49.48028,0
1780,19.687317,4.128452,-48.933613,0
1781,20.192566,4.39286,-43.95633,0
1782,17.990875,4.4044824,-42.155052,0
1783,17.445068,4.65363,-37.27138,0
1784,17.4021,4.67487,-35.10206,0
1785,17.501648,4.8838735,-31.049288,0
1786,17.542084,4.9032545,-29.230572,0
1787,17.96939,5.0546865,-26.09601,0
1788,18.055359,5.063524,-24.845087,0
1789,18.29837,5.146808,-22.550667,0
1790,18.338806,5.1392603,-23.267437,0
1791,18.443817,5.1499968,-22.452784,0
1792,18.458618,5.1234345,-24.606693,0
1793,18.477142,5.0634675,-25.301575,0
1794,18.470398,5.0176315,-28.374695,0
1795,18.379944,4.891693,-30.25409,0
1796,18.336975,4.824051,-34.412872,0
1797,18.05252,4.635867,-37.59873,0
1798,8.743103,4.5425262,-42.40174,0
3128,40.913177,22.52633,0.991565,1
3129,40.911957,22.544846,2.5038958,1
3130,40.583344,22.540571,2.5077343,1
3131,40.582123,22.556805,9.204388,1
3132,40.76999,22.54988,9.2017765,1
3133,40.89926,22.562622,13.105464,1
3134,41.530365,22.55597,13.102299,1
3135,41.659637,22.56612,15.772939,1
3136,41.916565,22.565365,15.759802,1
3137,42.045837,22.576721,15.351284,1
3138,42.20761,22.588709,15.21852,1
3139,42.179718,22.605867,18.188412,1
3140,42.34149,22.635485,18.04517,1
3141,42.29309,22.660955,19.338448,1
3142,42.30789,22.70816,19.28786,1
3143,42.25949,22.740583,5.5237293,1
3144,42.10034,22.800756,5.4468513,1
3145,42.05194,22.837055,-0.6814718,1
3146,41.628204,22.904608,-0.8725047,1
3147,41.629364,22.942387,-7.765937,1
3148,41.51779,23.011806,-7.83453,1
3149,41.52127,23.047998,-20.969128,1
3150,40.83734,23.112473,-20.967663,1
3151,40.59973,23.142752,-31.9337,1
3152,39.744843,23.196123,-31.91923,1
3153,33.004486,16.397465,16.740053,1
3154,33.28473,16.18132,16.799725,1
3155,33.626587,16.158022,17.051548,1
3156,34.480255,15.966435,17.10437,1
3157,34.566162,15.943039,17.23721,1
3158,34.82086,15.790692,17.18108,1
3159,35.16272,15.769491,17.862427,1
3160,36.016388,15.673354,17.639088,1
3161,36.102295,15.661794,18.578201,1
3162,35.994476,15.634836,18.11018,1
3163,36.336334,15.6386175,19.097174,1
3164,37.190002,15.683805,18.423397,1
3165,37.27591,15.704193,19.469906,1
3166,37.137756,15.813512,18.702435,1
3167,36.99054,15.847911,19.804977,1
3168,37.69394,16.003826,19.018639,1
3169,37.779846,16.047035,19.936037,1
3170,37.641693,16.225927,19.192059,1
3171,37.494476,16.272411,19.913858,1
3172,37.36438,16.448742,19.273,1
3173,37.450287,16.493107,19.758314,1
3174,37.312134,16.641665,19.188618,1
3175,37.164917,16.677622,19.198477,1
3176,36.247955,16.777124,18.62743,1
3177,36.333862,16.799711,18.355984,1
3178,36.19571,16.837343,17.859173,1
3179,36.048492,16.845037,17.472822,1
3180,35.066315,16.816961,17.037975,1
3181,34.73297,16.810999,16.795212,1
3182,34.540222,16.720415,16.485096,1
3183,34.393005,16.703375,16.615522,1
3184,33.410828,16.558838,16.524452,1
3185,33.077484,16.534113,17.030012,1
3186,32.711884,16.349277,17.176968,1
3187,32.564667,16.32186,17.994135,1
3188,31.71289,16.11518,18.339766,1
3189,31.891388,16.090399,19.080908,1
3190,32.106934,15.881281,19.53826,1
3191,32.049896,15.860026,19.894146,1
3192,33.274567,15.663635,20.351273,1
3193,33.453064,15.641712,20.464314,1
3194,33.66861,15.470868,20.85619,1
3195,33.603516,15.447232,20.840824,1
3196,34.8107,15.318093,21.11132,1
3197,34.989197,15.298962,21.060955,1
3198,35.204742,15.228021,21.153194,1
3199,35.13965,15.220872,21.056742,1
3200,35.984314,15.217396,20.943886,1
3201,36.16281,15.225928,20.863914,1
3202,36.378357,15.288766,20.587372,1
3203,36.313263,15.31255,20.594645,1
3204,36.48825,15.430375,20.184523,1
3205,36.666748,15.46564,20.18349,1
3206,36.882294,15.619045,19.701313,1
3207,36.8172,15.660549,19.571829,1
3208,36.15869,15.826155,19.10618,1
3209,36.33719,15.86896,18.903034,1
3210,36.552734,16.022444,18.507607,1
3211,36.48764,16.060911,18.30837,1
3212,35.800903,16.179504,18.0233,1
3213,35.5325,16.20794,17.900705,1
3214,35.43631,16.275229,17.762941,1
3215,35.371216,16.29066,17.823303,1
3216,34.68448,16.298897,17.814869,1
3217,34.416077,16.301395,18.036478,1
3218,33.780823,16.250134,18.150747,1
3219,33.71573,16.241556,18.548752,1
3220,33.02899,16.135729,18.777006,1
3221,32.76059,16.118633,19.17348,1
3222,31.952484,15.967698,19.500011,1
3223,31.88739,15.9458,19.754034,1
3224,31.200653,15.764058,20.16397,1
3225,30.932251,15.742387,20.29242,1
3226,31.178986,15.547144,20.749218,1
3227,31.199554,15.528408,20.64156,1
3228,31.894623,15.334747,21.096062,1
3229,32.16501,15.315677,20.767933,1
3230,32.74066,15.134998,21.174824,1
3231,32.76123,15.11171,20.738804,1
3232,33.430756,14.957864,21.08714,0
3233,33.70114,14.933829,20.928972,0
3234,34.276794,14.82459,21.147274,0
3235,34.297363,14.807987,21.092813,0
3236,34.60437,14.75782,21.119123,0
3237,34.874756,14.7547,21.073538,0
3238,35.45041,14.769148,20.885109,0
3239,35.470978,14.781402,20.868212,0
3240,35.108307,14.855869,20.493847,0
3241,35.378693,14.881653,20.4812,0
3242,35.954346,15.002164,19.975163,1
3243,35.974915,15.037018,19.925182,1
3244,35.602448,15.183334,19.37784,1
3245,35.40442,15.222543,19.302803,1
3246,35.624786,15.372014,18.784243,1
3247,35.645355,15.41074,18.735695,1
3248,35.27289,15.540466,18.29869,1
3249,35.07486,15.572977,18.419855,1
3250,34.50836,15.663803,18.114508,1
3251,34.52893,15.685883,18.333006,1
3252,34.156464,15.726325,18.135155,1
3253,33.958435,15.736763,18.342346,1
3254,32.852875,15.722791,18.223,1
3255,32.873444,15.722574,18.460577,1
3256,32.500977,15.655686,18.413794,1
3257,32.302948,15.646725,18.56895,1
3258,31.151459,15.532551,18.597609,1
3259,31.045105,15.517413,18.583376,1
3260,30.672638,15.365888,18.708569,1
3261,30.47461,15.348631,18.59734,1
3262,30.08191,15.173804,18.800938,1
3263,30.190338,15.158156,18.598091,1
3264,30.348785,14.9743395,18.86062,0
3265,30.708282,14.958916,18.560528,0
3266,31.643585,14.776727,18.872255,0
3267,31.752014,14.75616,18.438786,0
3268,31.884918,14.586565,18.776691,0
3269,32.244415,14.560656,18.661463,0
3270,33.179718,14.420389,18.949467,0
3271,33.288147,14.396548,19.078714,0
3272,33.244873,14.303639,19.221724,0
3273,33.41803,14.289662,19.49395,0
3274,34.353333,14.255648,19.439625,0
3275,34.46176,14.255923,19.80179,0
3276,34.418488,14.283089,19.537586,0
3277,34.295685,14.298042,19.964863,0
3278,34.85727,14.378775,19.557636,0
3279,34.9657,14.405308,20.032024,0
3280,34.922424,14.523668,19.536268,0
3281,34.79962,14.557259,20.009983,0
3282,34.52771,14.69306,19.483316,0
3283,34.63614,14.729559,19.77946,0
3284,34.592865,14.861105,19.32612,0
3285,34.470062,14.895493,19.509405,0
3286,33.58557,15.002169,19.10277,1
3287,33.519714,15.029404,18.91427,1
3288,33.47644,15.096345,18.560844,1
3289,33.353638,15.113853,18.043583,1
3290,32.469147,15.133528,17.742056,1
3291,32.159943,15.14121,16.947586,1
3292,31.820953,15.111813,16.700268,1
3293,31.69815,15.110856,15.72451,1
3294,30.81366,15.03455,15.499538,1
3295,30.504456,15.0266,14.557898,1
3296,29.992615,14.909157,14.408302,0
3297,29.869812,14.897047,13.8912735,0
3298,28.985321,14.748551,13.791502,0
3299,28.676117,14.736212,13.056135,0
3300,28.567108,14.569266,12.987882,0
3301,28.776703,14.557634,11.921305,0
3302,29.3508,14.382599,11.93391,0
3303,29.45108,14.366704,10.343355,0
3304,29.706146,14.191908,10.373968,0
3305,29.745361,14.167721,8.68122,0
3306,29.58371,14.006544,8.606958,0
3307,29.47583,13.978464,7.9866767,0
3308,29.034607,13.849769,7.9375925,0
3309,28.869598,13.826677,7.876974,0
3310,28.032288,13.747027,7.809085,0
3311,27.762878,13.735626,7.875639,0
3312,26.588287,13.713841,7.7476444,0
3313,26.298828,13.71694,7.8607616,0
3314,26.270996,13.752351,7.7084303,0
3315,26.379425,13.768907,7.904494,0
3316,26.336151,13.8512945,7.6931953,0
3317,26.213348,13.8775,7.462418,0
3318,26.534576,13.990088,7.2580156,0
3319,26.643005,14.022053,6.5960646,0
3320,26.599731,14.145233,6.4585266,0
3321,26.50708,14.178866,5.195552,0
3322,27.384583,14.292176,5.0752997,0
3323,27.662079,14.322428,3.871411,0
3324,28.359009,14.408595,3.7080646,0
3325,28.599854,14.431781,2.3750722,0
3326,29.085571,14.480062,2.254057,0
3327,29.127808,14.49498,0.7112503,0
3328,29.271393,14.500449,0.66625476,0
3329,29.240204,14.507548,-1.1728644,0
3330,28.82315,14.469239,-1.2180805,0
3331,28.341217,17.785904,-4.7823906,1
3333,11.889313,5.098217,6.859809,0
4687,41.64734,16.39341,27.454006,1
4740,12.376221,4.384627,-53.587902,0
4741,19.04358,7.962216,3.533405,0
4742,18.522919,8.003574,3.512913,0
4743,18.32959,8.04711,2.786684,0
4744,26.264862,14.90633,8.228689,0
4745,26.29663,14.953725,8.369845,0
4746,26.254395,14.98707,8.680761,0
4747,26.381805,15.080151,12.74811,1
4748,25.882263,15.098002,12.926597,1
4749,25.001587,15.102595,13.07106,1
4750,24.891846,15.090378,13.36841,1
4751,26.525208,15.224507,13.94754,1
4752,26.529053,15.276268,14.081949,1
4753,26.467133,15.311095,14.27837,1
4754,28.32727,17.222652,36.94471,1
4755,43.679718,29.3948,5.7917953,1
4935,10.842499,3.4444065,-12.573004,0
4936,35.211624,14.880198,22.476881,0
4937,48.239365,17.942926,22.028482,1
4961,15.397125,7.1872687,17.87839,0
4962,15.485565,5.832187,10.3457985,0
4963,44.24243,18.263721,25.969345,1
4964,43.98477,18.275574,26.296509,1
4965,266.84903,125.32852,10.249096,1
4966,266.60828,125.71294,10.289603,1
4967,266.16443,126.071396,10.257685,1
4968,264.14972,126.85964,10.363924,1
4969,263.04913,127.182724,10.375023,1
4970,263.58466,127.507706,10.5219,1
4971,265.3233,128.02501,10.956287,1
4972,266.52237,128.3541,11.26948,1
4973,266.8031,128.68553,11.352306,1
4974,266.45288,129.01581,11.377835,1
4975,266.71588,129.152,11.382235,1
4976,266.91068,129.34692,11.364627,1
4977,267.11084,129.48746,11.446863,1
4978,268.88776,129.84111,11.504829,1
4979,272.92273,130.22015,11.4833355,1
4980,275.8288,130.62012,11.459864,1
4981,277.10226,131.03049,11.487227,1
4982,277.37177,131.26329,11.468065,1
4983,277.4491,131.44247,11.560202,1
4984,277.4091,131.67354,11.540216,1
4985,277.32,131.84853,11.576849,1
4986,277.25974,132.07346,11.551947,1
4987,277.17065,132.23846,11.486578,1
4988,277.091,132.45213,11.452561,1
4989,276.9299,132.60292,11.440224,1
4990,276.78314,132.804,11.40092,1
4991,276.4835,132.9424,11.485892,1
4992,276.33673,133.13565,11.464143,1
4993,276.03094,133.26859,11.50819,1
4994,275.19672,133.59474,11.526322,1
4995,274.3448,133.92632,11.572856,1
4996,274.587,134.12386,11.553639,1
4997,275.55368,134.26204,11.693632,1
4998,277.03812,134.46198,11.68099,1
4999,277.8376,134.60281,11.86322,1
5000,278.9896,134.80495,11.850065,1
5001,279.58527,134.94823,11.974096,1
5002,280.32678,135.15245,11.955923,1
5003,280.18167,135.29674,12.038422,1
5004,280.01422,135.50069,12.020195,1
5005,279.10785,135.64357,12.108559,1
5006,278.50043,135.84589,12.086523,1
5007,277.84058,135.9885,12.1242285,1
5008,277.97736,136.1926,12.105263,1
5009,278.5854,136.3408,12.182933,1
5010,279.97015,136.55302,12.180185,1
5011,281.6451,136.71263,12.209964,1
5012,283.5007,136.93626,12.203896,1
5013,285.1107,137.10773,12.185555,1
5014,286.393,137.34024,12.160468,1
5015,287.22455,137.51898,12.145895,1
5016,287.72437,137.75526,12.122393,1
5017,287.9522,137.93611,12.128925,1
5018,287.99066,138.17221,12.110275,1
5019,287.99734,138.3512,12.112963,1
5020,287.97424,138.58366,12.091339,1
5021,287.91138,138.75606,12.052721,1
5022,287.8545,138.98003,12.028522,1
5023,287.78662,139.14029,11.965823,1
5024,287.72974,139.35167,11.929006,1
5025,287.61978,139.49776,11.950559,1
5026,287.52295,139.6978,11.908615,1
5027,287.32132,139.83415,11.960274,1
5028,287.1387,140.02959,11.939573,1
5029,286.93707,140.16408,11.965674,1
5030,286.74884,140.36174,11.957479,1
5031,286.3553,140.49954,12.066519,1
5032,286.002,140.7018,12.057102,1
5033,286.32593,140.84335,12.293887,1
5034,288.05634,141.04906,12.281775,1
5035,289.22266,141.19325,12.7897625,1
5036,290.68994,141.40157,12.773103,1
5037,291.58902,141.54839,13.149542,1
5038,292.72382,141.75943,13.131702,1
5039,293.06567,141.9084,13.264179,1
5040,293.30188,142.12047,13.2459345,1
5041,292.63376,142.26906,13.261759,1
5042,291.97803,142.47911,13.244188,1
5043,291.00165,142.62529,13.222509,1
5044,290.3459,142.83316,13.205397,1
5045,289.3174,142.9798,13.187498,1
5046,289.31177,143.19055,13.168097,1
5048,23.448486,13.611491,39.342613,0
5088,11.193451,3.8977742,-8.860707,0
5089,5.547119,2.1010041,0.4768014,0
5157,25.081573,9.598534,24.712234,0
5158,6.953583,2.8265896,0.19295812,0
5159,20.777588,5.490807,10.00753,0
5160,44.895233,12.487224,42.21837,0
5247,22.54213,7.87003,31.963884,0
5251,20.1279,6.3720393,5.9165297,0
5252,47.13257,28.564705,-4.4806957,1
5253,45.595184,28.654226,-4.5276523,1
5254,43.983,28.746174,-4.4008136,1
5255,43.906708,28.791111,-4.4210076,1
5256,43.89337,28.829887,-4.196596,1
5257,43.88159,28.869993,-4.2322397,1
5258,43.965942,28.902866,-4.142487,1
5259,44.097656,28.93891,-4.312527,1
5260,44.3638,28.966429,-4.33861,1
5261,44.674286,28.998825,-4.554713,1
5262,45.381134,29.020498,-4.619539,1
5263,45.964325,29.048845,-4.769051,1
5264,46.849274,29.064201,-4.7962666,1
5265,47.539307,29.089111,-4.890108,1
5266,48.424255,29.09942,-4.8971534,1
5267,50.14682,29.12986,-5.062163,1
5268,51.461487,29.154799,-5.28785,1
5269,52.227234,29.16705,-5.381608,1
5270,52.40338,29.176056,-5.484128,1
5271,24.938904,5.5787826,1.1357188,0
5272,25.080078,5.531771,1.5147448,0
5273,25.058167,5.493111,1.1842012,0
5274,24.888855,5.4489484,1.6078472,0
5275,24.420074,5.4201097,1.3055325,0
5276,24.22348,5.380561,1.7124891,0
5277,24.201569,5.365033,1.3578713,0
5278,24.032257,5.332327,1.7488301,0
5279,23.563477,5.3329816,1.4290273,0
5280,23.126007,5.3089604,1.8078327,0
5281,22.75064,5.326963,1.4223516,0
5282,22.112549,5.3479276,0.97592473,0
5283,22.200867,5.3939104,-0.2745509,0
5284,22.600525,5.453255,-1.6261935,0
5285,23.057892,5.4572983,-2.1673322,0
5286,23.56012,5.5077267,-2.568996,0
5287,23.753418,5.5064034,-2.930379,0
5288,23.812225,5.546545,-3.072071,0
5289,23.695282,5.538896,-3.2281995,0
5290,23.297852,5.5657034,-3.2462597,0
5291,22.900421,5.5507236,-3.2452464,0
5292,22.1445,5.561339,-3.2574654,0
5293,21.561737,5.537984,-3.1761646,0
5294,20.621521,5.531354,-3.0751824,0
5295,19.981232,5.4961753,-2.9058337,0
5296,19.049011,5.4716663,-2.6858807,0
5297,18.470245,5.4326944,-2.3063302,0
5298,17.697052,5.39956,-1.9817472,0
5299,16.71463,5.319675,-1.3937235,0
5300,16.113586,5.2324686,-0.97682476,0
5301,15.808838,5.140402,-0.39346218,0
5302,15.74469,5.091594,-0.18202066,0
5303,15.692535,5.0466413,0.1008749,0
5304,15.682922,4.9954658,0.20079017,0
5305,15.706329,4.955239,0.21049976,0
5306,15.751648,4.905043,0.0643909,0
5307,15.877991,4.8762093,-0.21950006,0
5308,14.828003,4.832322,-0.6997347,0
5551,105.61267,54.74513,1.9428194,1
5552,108.44513,55.794254,1.9785166,1
5553,108.74222,55.910137,1.9632459,1
5554,105.88211,57.408855,10.7009945,1
5555,109.38501,57.578896,11.825859,1
5556,111.34485,57.76761,11.712879,1
5557,96.205475,50.884354,10.607118,1
5558,93.24036,51.047432,10.236067,1
5559,89.827484,51.10799,9.984332,1
5560,97.20508,52.311802,10.049123,1
5561,95.45221,52.427013,9.682083,1
5562,94.468445,52.475727,9.429664,1
5563,91.944916,52.55929,8.666635,1
5564,92.29953,52.593315,8.996105,1
5565,91.813446,52.677567,9.04057,1
5566,100.73984,53.788357,5.6433973,1
5567,100.17441,53.873512,5.921221,1
5568,98.80374,54.001118,5.3605375,1
5569,97.9931,54.051666,5.335033,1
5570,95.73694,54.099834,4.6766224,1
5571,94.634766,54.120205,4.8540115,1
5572,92.794495,54.132217,4.877603,1
5573,92.52969,54.152557,4.9665747,1
5574,101.52023,55.264217,4.013777,1
5575,101.13989,55.32006,3.9808035,1
5576,99.78934,55.42494,3.1406343,1
5577,99.18915,55.47012,2.8973877,1
5578,96.93298,55.54902,1.6790569,1
5579,95.90054,55.582542,2.0100176,1
5580,95.60391,55.641098,1.7620981,1
5581,95.37924,55.669323,2.219957,1
5582,94.88254,55.727142,1.9192994,1
5583,104.10358,56.777653,-0.35977364,1
5584,104.04828,56.86483,-0.096297264,1
5585,103.108215,57.00125,-0.48493147,1
5586,102.4993,57.057667,-0.4467249,1
5587,100.673035,57.11686,-1.0054469,1
5588,99.687775,57.14019,-0.927794,1
5589,97.17639,57.14967,-1.1909008,1
5590,96.2554,57.165245,-1.1851668,1
5591,95.59561,57.194,-1.212883,1
5592,95.39624,57.231388,-1.276958,1
5593,104.87982,58.287407,-3.0870676,1
5594,104.834625,58.342613,-3.0374408,1
5595,104.08862,58.441196,-2.6839256,1
5596,103.479706,58.48305,-2.6795506,1
5597,101.92157,58.556423,-2.3336172,1
5598,100.93631,58.588734,-2.3026228,1
5599,98.85989,58.64515,-2.102089,1
5600,99.02167,58.67347,-2.0406485,1
5601,98.4657,58.733894,-2.565205,1
5602,98.27902,58.76756,-2.2956371,1
5603,97.81656,58.845985,-2.1726727,1
5604,137.80644,88.921715,-5.5131435,1
5605,32.189026,18.309223,30.251741,1
5738,34.565002,23.039042,35.6308,1
5739,34.682587,23.161222,35.486847,1
5740,33.601135,23.4793,38.01371,1
5741,33.59909,23.439396,36.35914,1
5742,33.434143,23.38905,31.937397,1
5743,33.117706,23.334076,22.199886,1
5744,21.827759,8.658227,-30.680906,0
5745,22.65268,8.891026,-23.970295,0
5746,23.512451,9.424765,-14.181423,0
5747,23.632172,9.5896635,-15.001499,0
5748,23.71222,9.704541,-16.266178,0
5749,23.769562,9.76537,-16.854155,0
5750,23.950836,9.689062,-19.058466,0
5751,23.800964,9.572924,-20.193445,0
5752,23.09085,9.403423,-21.015537,0
5753,21.804657,9.118429,-22.009087,0
5754,21.156982,8.917225,-23.54839,0
5755,20.405396,8.75744,-24.08073,0
5756,19.488586,8.667708,-22.260784,0
5757,19.664734,8.6709585,-18.51238,0
5758,20.301178,8.713532,-18.935072,0
6302,61.204803,33.514633,26.369698,1
6303,61.02835,33.514874,27.86799,1
6304,61.025604,33.54284,27.926355,1
6305,60.84915,33.548775,28.367376,1
6306,60.473145,33.596447,28.493816,1
6307,59.80185,33.669907,28.378714,1
6308,59.123383,33.773888,28.166092,1
6309,58.94748,33.827236,28.142828,1
6310,58.16284,33.90409,27.987635,1
6311,57.953552,33.96378,27.989668,1
6312,56.90561,34.11557,27.824205,1
6313,56.552612,34.275208,27.39367,1
6314,55.81067,34.43313,26.709063,1
6315,55.088776,34.52155,25.941938,1
6316,55.3963,34.579376,25.865656,1
6317,56.769287,34.656574,24.910944,1
6318,57.076813,34.709995,24.75341,1
6319,58.237976,34.775803,23.049433,1
6320,58.5455,34.828655,22.973442,1
6321,18.717865,6.5842695,18.149137,0
6322,18.708038,6.5126615,19.442183,0
6323,18.50467,6.2381907,12.836086,0
6324,18.494843,6.163913,13.879365,0
6325,18.15335,5.888454,-7.630205,0
6326,18.067993,5.8205447,-7.567525,0
6327,25.696136,10.868211,1.7268062,0
6328,24.102814,12.532342,25.477345,0
6329,29.21283,10.339623,-1.4269233,0
6330,83.177124,57.65153,-0.2763629,1
6331,55.996735,32.03388,15.443516,1
6332,56.492157,32.0342,15.288812,1
6333,56.6987,32.02253,15.26972,1
6334,56.077423,32.017117,15.54606,1
6335,24.795898,6.8180203,-33.369793,0
6336,24.501282,6.714137,-30.03217,0
6337,24.338287,6.6452093,-28.190649,0
6466,38.79413,21.052935,3.17474,1
6467,39.062653,30.4144,21.00314,1
6468,38.728455,30.412033,37.56925,1
6469,38.367157,30.416119,37.55281,1
6470,38.481476,30.417036,37.235596,1
6471,38.763824,30.427204,37.16613,1
6472,38.943176,30.43098,36.41334,1
6473,39.17804,30.446571,36.325573,1
6474,39.327667,30.452364,37.129723,1
6475,39.460754,30.472013,37.046295,1
6476,39.5394,30.478935,41.297997,1
6477,39.621582,30.502722,41.181652,1
6478,39.689972,30.512579,43.19193,1
6479,39.760162,30.54358,43.056095,1
6480,39.757935,30.56042,43.196743,1
6481,39.689636,30.602102,43.03482,1
6482,39.65155,30.62899,42.777622,1
6483,39.486084,30.681923,42.6552,1
6484,39.256195,30.71828,41.957508,1
6485,38.986603,30.777987,41.924934,1
6486,38.756714,30.818598,40.200943,1
6487,38.576385,30.87672,40.25184,1
6488,38.7511,30.914753,35.83677,1
6489,39.030396,30.9635,35.949707,1
6490,39.207367,30.99381,26.070541,1
6491,39.416473,31.027925,26.151365,1
6492,37.309875,16.503366,-24.33033,1
6493,36.556183,16.447235,-24.275208,1
6494,35.92636,16.416159,-0.4962802,1
6495,34.78958,16.34369,-0.4061699,1
6496,33.921722,16.306757,4.191369,1
6497,32.784943,16.225214,4.3153167,1
6498,31.907684,16.186272,5.648941,1
6499,30.444977,16.098093,5.7452974,1
6500,29.610413,16.056025,6.608188,1
6501,29.500092,15.962797,6.6696525,1
6502,29.489044,15.91959,7.170868,1
6503,29.385345,15.829974,7.1982803,1
6504,29.247803,15.794631,7.3510466,1
6505,30.063171,15.72216,7.33459,1
6506,31.022034,15.705042,7.380289,1
6507,32.455963,15.661088,7.3347864,1
6508,33.321014,15.668578,7.3504806,1
6509,34.447937,15.659359,7.2834196,1
6510,35.14209,15.6938305,7.3008003,1
6511,36.269012,15.722005,7.197726,1
6512,36.89673,15.784416,7.118267,1
6513,37.651947,15.850166,6.9848595,1
6649,36.782593,17.015724,-15.317249,1
6724,19.455475,7.667752,2.2620022,0
6725,55.4494,26.571856,24.746449,1
7256,33.053528,23.272116,35.36195,1
7262,9.75058,3.02997,-3.0225873,0
7263,46.280243,31.792175,21.282703,1
7264,33.255005,21.749996,18.28878,1
7265,19.586884,10.345784,25.488722,0
7706,38.857483,24.28103,27.089893,1
7708,25.288086,7.358284,-8.76466,0
7709,21.956238,6.910914,1.9590795,0
7710,19.80597,6.673617,2.410084,0
7711,94.22391,50.80151,9.125155,1
7712,93.29831,50.842022,9.169012,1
7713,94.14212,50.877598,7.373512,1
7714,95.680084,50.925663,7.3772907,1
7715,96.07309,50.96589,6.071681,1
7716,97.38556,51.01872,6.160206,1
7717,97.778564,51.06288,5.3639293,1
7718,98.03082,51.11585,5.510169,1
7719,98.42383,51.162056,4.9019814,1
7720,98.076294,51.210457,5.070281,1
7721,97.85486,51.257626,4.8401833,1
7722,97.507324,51.299015,5.0618467,1
7723,96.676575,51.34805,5.4094496,1
7724,95.932526,51.3822,5.6628647,1
7725,95.05795,51.43353,6.066436,1
7726,95.06717,51.458435,6.233728,1
7727,95.11514,51.507397,6.5271616,1
7728,94.8573,51.51702,6.557006,1
7729,94.90527,51.555374,6.4935684,1
7730,94.63815,51.54518,6.4333143,1
7731,94.68613,51.568882,5.8636665,1
7732,93.869965,51.541763,5.752945,1
7733,93.755035,51.5538,4.968876,1
7734,93.10019,51.517868,4.766363,1
7735,93.14816,51.52367,4.0003657,1
7736,32.54779,7.628383,-5.2657604,0
7737,31.601135,7.6426673,-4.962027,0
7738,30.071106,7.6747,-4.379475,0
7739,29.024872,7.6815457,-4.7020316,0
7740,27.4917,7.689808,-4.699898,0
7741,26.531616,7.685586,-5.8689356,0
7742,25.234955,7.6734176,-6.4964414,0
7743,24.48587,7.6604667,-8.143187,0
7744,23.55194,7.6329513,-9.014643,0
7745,23.056519,7.6114635,-8.379471,0
7746,22.492737,7.56654,-8.737063,0
7747,22.224854,7.528663,-6.687081,0
7748,21.961243,7.461675,-6.882155,0
7749,21.864258,7.4019103,-5.331087,0
7750,21.818848,7.31751,-5.485058,0
7751,21.849335,7.2370334,-4.227102,0
7752,21.985352,7.145708,-4.3479085,0
7753,18.29242,7.0455065,-5.1916122,0
7966,17.295502,8.517458,7.1787777,0
7967,15.794586,8.297861,3.47026,0
7968,23.56427,8.713257,-24.06584,0
7969,23.457,8.7632475,-23.985529,0
7970,27.761963,15.424034,25.625944,1
7971,27.471527,15.328011,25.037401,1
7972,28.098022,15.23772,23.20444,1
7973,28.588104,15.358692,18.85581,1
7974,29.960999,15.499999,18.762838,1
7975,30.968567,15.645355,18.744236,1
7976,34.55652,15.792521,21.882837,1
7977,34.89795,15.673999,22.430717,1
7978,29.23291,15.890397,20.010513,1
7979,30.363708,15.9856615,20.228321,1
7980,30.98172,16.07343,20.127106,1
7981,34.32596,16.296688,20.200813,1
7982,34.839172,16.203852,20.464426,1
7983,35.300568,16.101984,19.904703,1
7984,29.244568,16.24401,18.700813,1
7985,29.541504,16.324263,18.049753,1
7986,30.551361,16.397713,17.645973,1
7987,34.8602,16.705078,17.688656,1
7988,35.447876,16.623343,17.216557,1
7989,35.433624,16.53783,16.53505,1
7990,28.924316,16.681982,15.651745,1
7991,29.944214,16.73892,15.233153,1
7992,30.562225,16.797037,14.745945,1
7993,34.574463,17.212296,15.296185,1
7994,35.294403,17.189547,14.67281,1
7995,35.809998,17.148172,14.058846,1
7996,40.352936,17.11113,14.433872,1
7997,39.707092,17.187923,13.904131,1
7998,39.142212,17.282215,13.673514,1
7999,38.35623,17.388819,13.327593,1
8000,42.87921,17.852774,14.410848,1
8001,42.844574,17.82412,13.915324,1
8002,43.054382,17.782753,13.673735,1
8003,41.542633,17.819323,14.969474,1
8004,40.50821,17.902891,14.584261,1
8005,40.110596,18.00116,14.424104,1
8006,33.955475,12.754239,-13.37173,0
8022,37.079193,8.792436,2.954632,0
8023,51.225983,25.575157,10.565435,1
8024,51.252045,25.656378,10.533344,1
8025,51.38141,25.707998,10.3661175,1
8026,51.00177,25.763271,10.239869,1
8027,49.27481,25.813362,7.9419193,1
8028,51.035156,25.761967,7.4429092,1
8029,51.57898,25.756268,6.953603,1
8030,52.46585,25.69218,6.8214235,1
8031,52.367737,25.67808,6.055784,1
8032,52.787994,25.597857,5.998671,1
8033,52.68988,25.56801,5.316198,1
8034,51.983948,25.473763,5.225277,1
8035,51.791565,25.42966,4.6226025,1
8036,51.085632,25.333387,4.521555,1
8037,50.27133,25.285597,4.3665466,1
8038,49.20276,25.202888,4.3189583,1
8039,13.972839,6.7601175,-0.71724653,0
8040,14.171661,6.657864,-2.924955,0
8041,14.330231,6.509934,-4.712403,0
8042,14.417389,6.4238763,-6.541455,0
8043,14.434753,6.3030415,-8.106602,0
8044,14.392609,6.236474,-9.64222,0
8045,14.311737,6.1540356,-10.750389,0
8046,14.126587,6.114686,-11.743045,0
8047,13.886414,6.0843654,-12.200117,0
8048,13.877716,6.075754,-12.876964,0
8173,61.721115,25.14055,24.993217,1
8308,26.231628,14.8362055,0.47255754,0
8309,27.676697,15.341722,0.4039824,1
8310,54.419525,22.933096,31.74429,1
8311,54.864197,22.858696,32.02525,1
8312,54.920715,22.722216,32.160004,1
8313,47.203644,22.027224,34.65928,1
8314,44.90982,22.21957,33.916836,1
8315,43.327637,22.464294,32.9729,1
8316,55.05957,23.713974,30.72347,1
8317,54.899567,23.63191,30.81656,1
8318,55.042572,23.498646,30.826366,1
8319,56.179443,23.021755,31.9848,1
8320,56.084137,22.85676,32.463192,1
8421,30.344849,19.399553,37.596394,1
8422,20.217987,8.823666,24.340904,0
8423,21.192902,9.01843,22.55032,0
8424,24.493744,9.141217,24.019999,0
8425,24.816254,8.962289,25.271118,0
8426,19.049194,8.898973,25.279755,0
8427,19.946869,9.118373,23.690033,0
8428,20.874573,9.316476,21.710842,0
8429,22.841003,9.69816,20.69558,0
8430,24.884003,9.53034,25.831287,0
8431,25.2417,9.385532,27.125757,0
8432,25.45288,9.205618,27.421856,0
8433,25.434143,9.017456,27.300102,0
8556,20.979614,7.416878,0.17379522,0
8557,20.537476,5.553374,-0.17963648,0
8558,20.829712,5.5206933,-0.38007498,0
8559,21.160034,5.456378,-0.15084743,0
8560,21.316833,5.42113,-0.3885746,0
8561,21.474426,5.3515606,-0.19545555,0
8562,21.53772,5.318118,-0.46669245,0
8563,21.850403,5.2480497,-0.30237436,0
8564,22.007202,5.222308,-0.5915165,0
8565,22.164795,5.158181,-0.44240952,0
8566,22.228088,5.145493,-0.7113099,0
8567,22.27417,5.0912433,-0.5527973,0
8568,22.277344,5.0908647,-0.77221394,0
8569,22.40979,5.0450177,-0.58060884,0
8570,22.473083,5.0526004,-0.7291913,0
8571,22.519165,5.014895,-0.47950745,0
8572,22.522339,5.029811,-0.5650997,0
8573,22.487732,5.003671,-0.280416,0
8574,22.435547,5.02681,-0.34332275,0
8575,22.328003,5.01388,-0.06870031,0
8576,22.331177,5.0437293,-0.15391111,0
8577,22.29657,5.0422664,0.07010102,0
8578,22.244385,5.0757694,-0.057792664,0
8579,22.111633,5.082157,0.10321736,0
8580,21.977722,5.115685,-0.07388592,0
8581,21.808777,5.1250787,0.033336878,0
8582,21.80603,5.1768036,0.04658699,0
8583,21.676697,5.185696,0.11647344,0
8584,21.543213,5.209036,-0.13008118,0
8585,21.276733,5.21291,-0.067949295,0
8586,21.228699,5.22817,-0.31148195,0
8587,21.099365,5.224439,-0.22922754,0
8588,20.965881,5.2305007,-0.43085814,0
8589,20.798828,5.216719,-0.29939413,0
8590,20.750793,5.213729,-0.44585466,0
8591,20.62146,5.1893682,-0.2641797,0
8592,20.545288,5.1783304,-0.3661871,0
8593,20.519531,5.142712,-0.15560389,0
8594,20.471497,5.1235366,-0.2458334,0
8595,20.447632,5.075643,-0.0395298,0
8596,20.690674,5.049085,-0.13766289,0
8597,21.068726,4.989643,0.038415194,0
8598,21.25409,4.9583545,-0.09121895,0
8599,21.448608,4.8896074,0.048595667,0
8600,21.532593,4.857462,-0.11832714,0
8601,21.759094,4.783181,-0.024998188,0
8602,21.944458,4.7558317,-0.22383928,0
8603,22.138977,4.6822248,-0.17399788,0
8604,22.222961,4.6657977,-0.3774166,0
8605,22.295044,4.5979166,-0.33745766,0
8606,22.312927,4.592925,-0.49865246,0
8607,22.383972,4.530233,-0.42443275,0
8608,22.467957,4.532306,-0.495708,0
8609,22.54004,4.474659,-0.35924911,0
8610,22.557922,4.482948,-0.34161806,0
8611,22.19281,4.4348865,-0.15130043,0
8612,22.276794,4.4553885,-0.10192394,0
8613,21.325134,4.4228716,0.080657005,0
8614,21.510498,4.447166,0.13343096,0
8615,20.043457,4.4259615,0.2729416,0
8616,20.369751,4.4548917,0.3010571,0
8617,18.973572,4.4450297,0.37873983,0
8618,18.958069,4.476966,0.3531158,0
8619,18.207092,4.475302,0.3502071,0
8620,17.790222,4.5071883,0.27135015,0
8621,17.049255,4.5093813,0.2024293,0
8622,16.486633,4.5373898,0.07939935,0
8623,15.564941,4.5376844,-0.018692017,0
8624,14.919373,4.556973,-0.15748739,0
8625,13.948181,4.5496745,-0.2544284,0
8626,13.327515,4.557794,-0.3599763,0
8627,12.487366,4.540783,-0.42290688,0
8628,12.016418,4.5389085,-0.47917366,0
8629,11.486084,4.5112567,-0.48482418,0
8630,11.269226,4.4997954,-0.48661232,0
8631,8.435852,4.4594755,-0.4569888,0
8712,73.49509,47.86033,19.121403,1
8713,55.949768,43.62674,17.02029,1
8714,57.168427,43.708096,16.264814,1
8715,58.348877,43.79511,13.100022,1
8785,16.840607,6.8276405,1.2133896,0
8786,39.806763,28.391247,8.236927,1
8787,13.569397,6.5497465,1.8370807,0
8788,14.443329,6.9728737,-23.217344,0
8791,18.934296,7.033238,-4.523027,0
8795,38.61322,22.422165,14.067518,1
8831,38.143433,19.760317,-0.035452843,1
8832,27.677002,15.8859625,11.51166,1
8892,22.71991,7.0349727,-9.308267,0
8893,61.096344,33.21301,-1.6663551,1
8953,43.19693,30.716166,22.239477,1
8954,25.51944,15.19753,26.325012,1
8963,19.919983,9.190133,-21.687735,0
8964,57.33908,36.158707,16.3122,1
8965,58.77191,35.718395,21.327179,1
8966,56.388977,36.663586,10.795498,1
8993,15.009644,6.985324,2.12484,0
9010,140.14917,66.468735,0.87096095,1
9011,186.2242,93.50141,4.0669737,1
9012,23.626251,11.394329,-3.5778522,0
9035,43.292908,21.994469,32.36,1
9036,11.003052,4.987872,-20.647133,0
9041,14.53595,6.6686893,29.68254,0
9042,31.742462,19.715446,44.709587,1
9053,14.978302,9.2210865,-37.511803,0
9054,42.978363,23.90543,32.42248,1
9092,40.152527,31.92901,10.9452305,1
9093,47.5506,26.485207,34.475124,1
9146,33.48297,19.621931,2.0407379,1
9147,12.367401,4.5013914,12.509287,0
9162,35.302277,20.804918,0.14843345,1
9163,21.710571,10.333348,10.264456,0
9164,42.723022,27.800327,26.006979,1
9207,25.61325,17.598661,1.1076391,1
9208,41.02475,21.797592,6.026757,1
9209,28.219147,15.213566,2.9231071,1
9240,0.0,0.0,-580814900.0,0
9241,0.0,0.0,-536087300.0,0
9242,0.0,0.0,-542479900.0,0
9243,0.0,0.0,-570569800.0,0
9244,0.0,0.0,-571390460.0,0
9245,0.0,0.0,-567309900.0,0
9246,0.0,0.0,-562039300.0,0
9247,0.0,0.0,-566015700.0,0
9248,0.0,0.0,-568184900.0,0
9249,0.0,0.0,-577025660.0,0
9250,0.0,0.0,-519063650.0,0
9251,0.0,0.0,-532325000.0,0
9516,0.0,0.0,-52872190000.0,0
9517,0.0,0.0,-53283980000.0,0
9518,0.0,0.0,-53092410000.0,0
9519,0.0,0.0,-1357035100.0,0
9520,0.0,0.0,-52379710000.0,0
9521,0.0,0.0,-52880515000.0,0
9522,0.0,0.0,-1336570000.0,0
9523,0.0,0.0,-1316648400.0,0
9524,0.0,0.0,-51657600000.0,0
9525,0.0,0.0,-52158665000.0,0
9526,0.0,0.0,-52146900000.0,0
9527,0.0,0.0,-1260387000.0,0
10164,0.0,0.0,-599119600.0,0
10165,0.0,0.0,-616620400.0,0
10166,0.0,0.0,-621085630.0,0
10167,0.0,0.0,-626257200.0,0
10168,0.0,0.0,-564067100.0,0
10169,0.0,0.0,-607308200.0,0
10170,0.0,0.0,-603966500.0,0
10171,0.0,0.0,-605942000.0,0
10172,0.0,0.0,-613050500.0,0
10173,0.0,0.0,-615178430.0,0
10174,0.0,0.0,-583860350.0,0
10175,0.0,0.0,-607499800.0,0
10212,0.0,0.0,-508006200.0,0
10213,0.0,0.0,-501657950.0,0
10214,0.0,0.0,-505586560.0,0
10215,0.0,0.0,-504195040.0,0
10216,0.0,0.0,-503622140.0,0
10217,0.0,0.0,-505205540.0,0
10218,0.0,0.0,-504966000.0,0
10219,0.0,0.0,-504439550.0,0
10220,0.0,0.0,-502769060.0,0
10221,0.0,0.0,-508927260.0,0
10222,0.0,0.0,-508917700.0,0
10223,0.0,0.0,-508448160.0,0
10380,0.0,0.0,-600313500.0,0
10381,0.0,0.0,-602346600.0,0
10382,0.0,0.0,-609445440.0,0
10383,0.0,0.0,-609812200.0,0
10384,0.0,0.0,-608880300.0,0
10385,0.0,0.0,-615704640.0,0
10386,0.0,0.0,-603370400.0,0
10387,0.0,0.0,-611564700.0,0
10388,0.0,0.0,-600446000.0,0
10389,0.0,0.0,-608581300.0,0
10390,0.0,0.0,-610133440.0,0
10391,0.0,0.0,-601232100.0,0
10416,0.0,0.0,-602455200.0,0
10417,0.0,0.0,-606787800.0,0
10418,0.0,0.0,-623579300.0,0
10419,0.0,0.0,-615088600.0,0
10420,0.0,0.0,-646810500.0,0
10421,0.0,0.0,-605486500.0,0
10422,0.0,0.0,-598958300.0,0
10423,0.0,0.0,-608159170.0,0
10424,0.0,0.0,-613418400.0,0
10425,0.0,0.0,-606295100.0,0
10426,0.0,0.0,-626540300.0,0
10427,0.0,0.0,-616151940.0,0
10884,0.0,0.0,-613635300.0,0
10885,0.0,0.0,-608922050.0,0
10886,0.0,0.0,-619062700.0,0
10887,0.0,0.0,-607716860.0,0
10888,0.0,0.0,-620433200.0,0
10889,0.0,0.0,-619653300.0,0
10890,0.0,0.0,-617242240.0,0
10891,0.0,0.0,-611683700.0,0
10892,0.0,0.0,-609767000.0,0
10893,0.0,0.0,-610461800.0,0
10894,0.0,0.0,-614227200.0,0
10895,0.0,0.0,-614093500.0,0
10944,0.0,0.0,-544807000.0,0
10945,0.0,0.0,-517197060.0,0
10946,0.0,0.0,-513064350.0,0
10947,0.0,0.0,-535828500.0,0
10948,0.0,0.0,-528039700.0,0
10949,0.0,0.0,-541062850.0,0
10950,0.0,0.0,-530953400.0,0
10951,0.0,0.0,-536028300.0,0
10952,0.0,0.0,-523360540.0,0
10953,0.0,0.0,-538232300.0,0
10954,0.0,0.0,-535115460.0,0
10955,0.0,0.0,-532592600.0,0
11136,0.0,0.0,-612911740.0,0
11137,0.0,0.0,-626749000.0,0
11138,0.0,0.0,-617577150.0,0
11139,0.0,0.0,-613763700.0,0
11140,0.0,0.0,-608265300.0,0
11141,0.0,0.0,-607555400.0,0
11142,0.0,0.0,-611459140.0,0
11143,0.0,0.0,-614614660.0,0
11144,0.0,0.0,-615218750.0,0
11145,0.0,0.0,-615846660.0,0
11146,0.0,0.0,-607301900.0,0
11147,0.0,0.0,-610580160.0,0
11184,0.0,0.0,-612259300.0,0
11185,0.0,0.0,-562926600.0,0
11186,0.0,0.0,-610734600.0,0
11187,0.0,0.0,-623868700.0,0
11188,0.0,0.0,-615077300.0,0
11189,0.0,0.0,-607739600.0,0
11190,0.0,0.0,-609505000.0,0
11191,0.0,0.0,-621296260.0,0
11192,0.0,0.0,-610435800.0,0
11193,0.0,0.0,-607232300.0,0
11194,0.0,0.0,-602322240.0,0
11195,0.0,0.0,-611549200.0,0
11304,0.0,0.0,-576911040.0,0
11305,0.0,0.0,-558974400.0,0
11306,0.0,0.0,-568624100.0,0
11307,0.0,0.0,-556694300.0,0
11308,0.0,0.0,-564410600.0,0
11309,0.0,0.0,-560195400.0,0
11310,0.0,0.0,-575855700.0,0
11311,0.0,0.0,-616313400.0,0
11312,0.0,0.0,-567874750.0,0
11313,0.0,0.0,-575771600.0,0
11314,0.0,0.0,-569995800.0,0
11315,0.0,0.0,-569719700.0,0
11592,0.0,0.0,-579280060.0,0
11593,0.0,0.0,-572307000.0,0
11594,0.0,0.0,-562782300.0,0
11595,0.0,0.0,-550868860.0,0
11596,0.0,0.0,-564552300.0,0
11597,0.0,0.0,-571690000.0,0
11598,0.0,0.0,-571023600.0,0
11599,0.0,0.0,-567375740.0,0
11600,0.0,0.0,-566980500.0,0
11601,0.0,0.0,-574035800.0,0
11602,0.0,0.0,-584418240.0,0
11603,0.0,0.0,-581916900.0,0
11796,0.0,0.0,-577478700.0,0
11797,0.0,0.0,-568305700.0,0
11798,0.0,0.0,-575399700.0,0
11799,0.0,0.0,-577282500.0,0
11800,0.0,0.0,-556786800.0,0
11801,0.0,0.0,-574345860.0,0
11802,0.0,0.0,-582705000.0,0
11803,0.0,0.0,-573441700.0,0
11804,0.0,0.0,-587524200.0,0
11805,0.0,0.0,-589308540.0,0
11806,0.0,0.0,-571136500.0,0
11807,0.0,0.0,-572784200.0,0
11808,0.0,0.0,-556176900.0,0
11809,0.0,0.0,-559229800.0,0
11810,0.0,0.0,-576837500.0,0
11811,0.0,0.0,-562408450.0,0
11812,0.0,0.0,-569799940.0,0
11813,0.0,0.0,-580495300.0,0
11814,0.0,0.0,-555447900.0,0
11815,0.0,0.0,-582145300.0,0
11816,0.0,0.0,-574430460.0,0
11817,0.0,0.0,-575948500.0,0
11818,0.0,0.0,-575259100.0,0
11819,0.0,0.0,-581980300.0,0
12492,0.0,0.0,-580934000.0,0
12493,0.0,0.0,-581258900.0,0
12494,0.0,0.0,-570654100.0,0
12495,0.0,0.0,-564777400.0,0
12496,0.0,0.0,-572637800.0,0
12497,0.0,0.0,-565198000.0,0
12498,0.0,0.0,-567412100.0,0
12499,0.0,0.0,-567328700.0,0
12500,0.0,0.0,-577257150.0,0
12501,0.0,0.0,-572788350.0,0
12502,0.0,0.0,-561209700.0,0
12503,0.0,0.0,-571101600.0,0
12732,0.0,0.0,-519155840.0,0
12733,0.0,0.0,-528731400.0,0
12734,0.0,0.0,-526207200.0,0
12735,0.0,0.0,-540334500.0,0
12736,0.0,0.0,-534972500.0,0
12737,0.0,0.0,-529796860.0,0
12738,0.0,0.0,-546456060.0,0
12739,0.0,0.0,-544708030.0,0
12740,0.0,0.0,-499477950.0,0
12741,0.0,0.0,-532344800.0,0
12742,0.0,0.0,-528016260.0,0
12743,0.0,0.0,-537931100.0,0
12744,0.0,0.0,-535184700.0,0
12745,0.0,0.0,-534471260.0,0
12746,0.0,0.0,-545796400.0,0
12747,0.0,0.0,-523819800.0,0
12748,0.0,0.0,-546237000.0,0
12749,0.0,0.0,-535881250.0,0
12750,0.0,0.0,-536710700.0,0
12751,0.0,0.0,-538935000.0,0
12752,0.0,0.0,-527354400.0,0
12753,0.0,0.0,-538759740.0,0
12754,0.0,0.0,-532815940.0,0
12755,0.0,0.0,-541166800.0,0
12828,0.0,0.0,-632563000.0,0
12829,0.0,0.0,-607852000.0,0
12830,0.0,0.0,-615167200.0,0
12831,0.0,0.0,-612970200.0,0
12832,0.0,0.0,-609241800.0,0
12833,0.0,0.0,-611710800.0,0
12834,0.0,0.0,-606069570.0,0
12835,0.0,0.0,-610951550.0,0
12836,0.0,0.0,-608931840.0,0
12837,0.0,0.0,-600205900.0,0
12838,0.0,0.0,-613287040.0,0
12839,0.0,0.0,-604292900.0,0
12840,0.0,0.0,-610704400.0,0
12841,0.0,0.0,-603687400.0,0
12842,0.0,0.0,-602899100.0,0
12843,0.0,0.0,-609969340.0,0
12844,0.0,0.0,-607963650.0,0
12845,0.0,0.0,-615050300.0,0
12846,0.0,0.0,-612197440.0,0
12847,0.0,0.0,-612971800.0,0
12848,0.0,0.0,-613789400.0,0
12849,0.0,0.0,-611904400.0,0
12850,0.0,0.0,-622612200.0,0
12851,0.0,0.0,-610701100.0,0
12936,0.0,0.0,-51497525000.0,0
12937,0.0,0.0,-1321591000.0,0
12938,0.0,0.0,-51323250000.0,0
12939,0.0,0.0,-52131560000.0,0
12940,0.0,0.0,-1345889000.0,0
12941,0.0,0.0,-52276097000.0,0
12942,0.0,0.0,-40238158000.0,0
12943,0.0,0.0,-51199150000.0,0
12944,0.0,0.0,-52080083000.0,0
12945,0.0,0.0,-52133820000.0,0
12946,0.0,0.0,-51800363000.0,0
12947,0.0,0.0,-52447023000.0,0
12996,0.0,0.0,-556684900.0,0
12997,0.0,0.0,-559577860.0,0
12998,0.0,0.0,-564993340.0,0
12999,0.0,0.0,-578833700.0,0
13000,0.0,0.0,-563070700.0,0
13001,0.0,0.0,-583017660.0,0
13002,0.0,0.0,-584722800.0,0
13003,0.0,0.0,-564137700.0,0
13004,0.0,0.0,-584940100.0,0
13005,0.0,0.0,-574992200.0,0
13006,0.0,0.0,-586385400.0,0
13007,0.0,0.0,-568649340.0,0
13200,0.0,0.0,-609136300.0,0
13201,0.0,0.0,-611332700.0,0
13202,0.0,0.0,-611902900.0,0
13203,0.0,0.0,-603318100.0,0
13204,0.0,0.0,-619691300.0,0
13205,0.0,0.0,-621885100.0,0
13206,0.0,0.0,-621956700.0,0
13207,0.0,0.0,-604121540.0,0
13208,0.0,0.0,-616857660.0,0
13209,0.0,0.0,-611038340.0,0
13210,0.0,0.0,-623644800.0,0
13211,0.0,0.0,-607722400.0,0
13320,0.0,0.0,-600531100.0,0
13321,0.0,0.0,-564044600.0,0
13322,0.0,0.0,-550300540.0,0
13323,0.0,0.0,-572695000.0,0
13324,0.0,0.0,-559850100.0,0
13325,0.0,0.0,-574274600.0,0
13326,0.0,0.0,-567485060.0,0
13327,0.0,0.0,-577033200.0,0
13328,0.0,0.0,-571495200.0,0
13329,0.0,0.0,-574640000.0,0
13330,0.0,0.0,-567679200.0,0
13331,0.0,0.0,-569665500.0,0
13332,0.0,0.0,-1035814600.0,0
13333,0.0,0.0,-535868740.0,0
13334,0.0,0.0,-531514050.0,0
13335,0.0,0.0,-529552500.0,0
13336,0.0,0.0,-508687550.0,0
13337,0.0,0.0,-527411140.0,0
13338,0.0,0.0,-539557800.0,0
13339,0.0,0.0,-537532600.0,0
13340,0.0,0.0,-512496200.0,0
13341,0.0,0.0,-524197700.0,0
13342,0.0,0.0,-527525340.0,0
13343,0.0,0.0,-528068350.0,0
13368,0.0,0.0,-505558240.0,0
13369,0.0,0.0,-496180160.0,0
13370,0.0,0.0,-504937340.0,0
13371,0.0,0.0,-505453860.0,0
13372,0.0,0.0,-506588400.0,0
13373,0.0,0.0,-501802460.0,0
13374,0.0,0.0,-506158660.0,0
13375,0.0,0.0,-502679800.0,0
13376,0.0,0.0,-509210300.0,0
13377,0.0,0.0,-503343740.0,0
13378,0.0,0.0,-504656060.0,0
13379,0.0,0.0,-505119140.0,0
13428,0.0,0.0,-4174554400.0,0
13429,0.0,0.0,-3504305000.0,0
13430,0.0,0.0,-26419660000.0,0
13431,0.0,0.0,-3061545200.0,0
13432,0.0,0.0,-4682357000.0,0
13433,0.0,0.0,-3892724500.0,0
13434,0.0,0.0,-20001718000.0,0
13435,0.0,0.0,-3413618400.0,0
13436,0.0,0.0,-5399447000.0,0
13437,0.0,0.0,-6391821000.0,0
13438,0.0,0.0,-5129856000.0,0
13439,0.0,0.0,-27684676000.0,0
13464,0.0,0.0,-1228233200.0,0
13465,0.0,0.0,-1334881400.0,0
13466,0.0,0.0,-1299341000.0,0
13467,0.0,0.0,-1395568500.0,0
13468,0.0,0.0,-1318501600.0,0
13469,0.0,0.0,-1352504400.0,0
13470,0.0,0.0,-1278133200.0,0
13471,0.0,0.0,-1375130600.0,0
13472,0.0,0.0,-1197485400.0,0
13473,0.0,0.0,-1202473300.0,0
13474,0.0,0.0,-1210849500.0,0
13475,0.0,0.0,-1233315200.0,0
13488,0.0,0.0,-613604000.0,0
13489,0.0,0.0,-608182500.0,0
13490,0.0,0.0,-607476740.0,0
13491,0.0,0.0,-591039200.0,0
13492,0.0,0.0,-612645800.0,0
13493,0.0,0.0,-605378750.0,0
13494,0.0,0.0,-605031550.0,0
13495,0.0,0.0,-602181400.0,0
13496,0.0,0.0,-601947140.0,0
13497,0.0,0.0,-614229800.0,0
13498,0.0,0.0,-610321400.0,0
13499,0.0,0.0,-608200640.0,0
13548,0.0,0.0,-552001500.0,0
13549,0.0,0.0,-582978370.0,0
13550,0.0,0.0,-576557400.0,0
13551,0.0,0.0,-555108700.0,0
13552,0.0,0.0,-575231900.0,0
13553,0.0,0.0,-577698370.0,0
13554,0.0,0.0,-563863230.0,0
13555,0.0,0.0,-558545000.0,0
13556,0.0,0.0,-561801100.0,0
13557,0.0,0.0,-574418000.0,0
13558,0.0,0.0,-573555900.0,0
13559,0.0,0.0,-577355840.0,0
13704,0.0,0.0,-1218367400.0,0
13705,0.0,0.0,-1325413900.0,0
13706,0.0,0.0,-1180393200.0,0
13707,0.0,0.0,-1190897700.0,0
13708,0.0,0.0,-1252224600.0,0
13709,0.0,0.0,-1312009600.0,0
13710,0.0,0.0,-1197735600.0,0
13711,0.0,0.0,-1226090500.0,0
13712,0.0,0.0,-1210323000.0,0
13713,0.0,0.0,-1219320600.0,0
13714,0.0,0.0,-1256455400.0,0
13715,0.0,0.0,-1160536000.0,0
13812,0.0,0.0,-540369300.0,0
13813,0.0,0.0,-33559530000.0,0
13814,0.0,0.0,-537667000.0,0
13815,0.0,0.0,-642922900.0,0
13816,0.0,0.0,-540173100.0,0
13817,0.0,0.0,-4605482500.0,0
13818,0.0,0.0,-1214511700.0,0
13819,0.0,0.0,-539068300.0,0
13820,0.0,0.0,-6672505300.0,0
13821,0.0,0.0,-560520600.0,0
13822,0.0,0.0,-43256130000.0,0
13823,0.0,0.0,-1351299000.0,0
13932,0.0,0.0,-570748160.0,0
13933,0.0,0.0,-560611300.0,0
13934,0.0,0.0,-571952450.0,0
13935,0.0,0.0,-564869400.0,0
13936,0.0,0.0,-564588740.0,0
13937,0.0,0.0,-559365000.0,0
13938,0.0,0.0,-561665200.0,0
13939,0.0,0.0,-559149100.0,0
13940,0.0,0.0,-565980160.0,0
13941,0.0,0.0,-567837630.0,0
13942,0.0,0.0,-582392260.0,0
13943,0.0,0.0,-568131650.0,0
13944,0.0,0.0,-1400178300.0,0
13945,0.0,0.0,-3280488700.0,0
13946,0.0,0.0,-6707926500.0,0
13947,0.0,0.0,-4132214300.0,0
13948,0.0,0.0,-3245338000.0,0
13949,0.0,0.0,-1332651300.0,0
13950,0.0,0.0,-3492231200.0,0
13951,0.0,0.0,-3492830000.0,0
13952,0.0,0.0,-3246474000.0,0
13953,0.0,0.0,-15725486000.0,0
13954,0.0,0.0,-3593003300.0,0
13955,0.0,0.0,-3875323100.0,0
14184,0.0,0.0,-574073100.0,0
14185,0.0,0.0,-570371700.0,0
14186,0.0,0.0,-572658500.0,0
14187,0.0,0.0,-572390500.0,0
14188,0.0,0.0,-569704060.0,0
14189,0.0,0.0,-571136800.0,0
14190,0.0,0.0,-573573800.0,0
14191,0.0,0.0,-576793150.0,0
14192,0.0,0.0,-577823940.0,0
14193,0.0,0.0,-571397400.0,0
14194,0.0,0.0,-576318140.0,0
14195,0.0,0.0,-569075900.0,0
14388,0.0,0.0,-572072900.0,0
14389,0.0,0.0,-573245300.0,0
14390,0.0,0.0,-573423700.0,0
14391,0.0,0.0,-576106200.0,0
14392,0.0,0.0,-578842600.0,0
14393,0.0,0.0,-548282050.0,0
14394,0.0,0.0,-532344500.0,0
14395,0.0,0.0,-565898430.0,0
14396,0.0,0.0,-576726100.0,0
14397,0.0,0.0,-542313660.0,0
14398,0.0,0.0,-571667700.0,0
14399,0.0,0.0,-569474100.0,0
14472,0.0,0.0,-531545600.0,0
14473,0.0,0.0,-534667900.0,0
14474,0.0,0.0,-536269300.0,0
14475,0.0,0.0,-543447740.0,0
14476,0.0,0.0,-514626460.0,0
14477,0.0,0.0,-533135740.0,0
14478,0.0,0.0,-534791650.0,0
14479,0.0,0.0,-532076600.0,0
14480,0.0,0.0,-542804700.0,0
14481,0.0,0.0,-530334140.0,0
14482,0.0,0.0,-547919360.0,0
14483,0.0,0.0,-531677000.0,0
14784,0.0,0.0,-1154955800.0,0
14785,0.0,0.0,-1320966100.0,0
14786,0.0,0.0,-1042744100.0,0
14787,0.0,0.0,-1328533900.0,0
14788,0.0,0.0,-1202083000.0,0
14789,0.0,0.0,-1639833500.0,0
14790,0.0,0.0,-1336422700.0,0
14791,0.0,0.0,-1182266200.0,0
14792,0.0,0.0,-4148881000.0,0
14793,0.0,0.0,-1121212200.0,0
14794,0.0,0.0,-1221287400.0,0
14795,0.0,0.0,-1188141800.0,0
14892,0.0,0.0,-530615840.0,0
14893,0.0,0.0,-534943740.0,0
14894,0.0,0.0,-535577060.0,0
14895,0.0,0.0,-542947800.0,0
14896,0.0,0.0,-528428900.0,0
14897,0.0,0.0,-533911550.0,0
14898,0.0,0.0,-528497100.0,0
14899,0.0,0.0,-542519940.0,0
14900,0.0,0.0,-514842400.0,0
14901,0.0,0.0,-533610240.0,0
14902,0.0,0.0,-537256100.0,0
14903,0.0,0.0,-538595650.0,0
14928,0.0,0.0,-536311740.0,0
14929,0.0,0.0,-531854900.0,0
14930,0.0,0.0,-543057340.0,0
14931,0.0,0.0,-532515260.0,0
14932,0.0,0.0,-537510850.0,0
14933,0.0,0.0,-516734300.0,0
14934,0.0,0.0,-540802400.0,0
14935,0.0,0.0,-537396900.0,0
14936,0.0,0.0,-532341150.0,0
14937,0.0,0.0,-533791000.0,0
14938,0.0,0.0,-533204100.0,0
14939,0.0,0.0,-524785860.0,0
14988,0.0,0.0,-597858000.0,0
14989,0.0,0.0,-599416600.0,0
14990,0.0,0.0,-617966500.0,0
14991,0.0,0.0,-608102900.0,0
14992,0.0,0.0,-609035300.0,0
14993,0.0,0.0,-606189900.0,0
14994,0.0,0.0,-615050750.0,0
14995,0.0,0.0,-612598300.0,0
14996,0.0,0.0,-608760100.0,0
14997,0.0,0.0,-605063040.0,0
14998,0.0,0.0,-616202400.0,0
14999,0.0,0.0,-623664700.0,0
15012,0.0,0.0,-573307800.0,0
15013,0.0,0.0,-565289400.0,0
15014,0.0,0.0,-572142400.0,0
15015,0.0,0.0,-564591940.0,0
15016,0.0,0.0,-572541060.0,0
15017,0.0,0.0,-567775900.0,0
15018,0.0,0.0,-559973600.0,0
15019,0.0,0.0,-572126140.0,0
15020,0.0,0.0,-563752400.0,0
15021,0.0,0.0,-566645900.0,0
15022,0.0,0.0,-539794400.0,0
15023,0.0,0.0,-565947460.0,0
