sample_idx,norad_id,eta_lstm,eta_lstm_softmask
1690,59749,25.611925,12.866134
1691,59749,52.363407,19.845837
1692,59749,53.614902,18.109459
1693,59749,33.18989,24.302912
1694,59749,29.388165,21.111732
1695,59749,14.561134,25.93015
1696,59749,15.030932,20.113623
1697,59749,-8.613384,30.418957
1698,59749,-6.121731,22.506481
1699,59749,-17.29623,33.03128
1700,59749,-11.744511,25.602633
1701,59749,-24.13863,32.273846
1702,59749,-9.704947,28.300625
1703,59749,-17.314137,26.91102
1704,59749,-6.4563274,27.323324
1705,59749,2.3863196,23.181236
1706,59749,8.434433,24.678076
1707,59749,25.288671,18.800795
1708,59749,21.741646,22.003729
1709,59749,44.211803,14.031201
1710,59749,39.68016,17.639547
1711,59749,44.596832,-0.014364719
1712,59749,45.49794,6.702411
1713,59749,26.285845,-6.0773134
1714,59749,32.987095,-1.9956231
1715,59749,7.427621,-2.2074103
1716,59749,-6.0124755,-0.99993944
1717,59749,17.163092,-2.8421998
1718,59749,9.797544,-6.494367
1719,59749,6.094122,-6.325519
1720,59749,3.4194112,-8.467686
1721,59749,-3.9595962,-6.2907457
1722,59749,-11.2934475,-9.255064
1723,59749,-14.167797,-6.4732313
1724,59749,-26.341938,-8.498836
1725,59749,-29.110073,-9.5584755
1726,59749,-41.257954,-9.712315
1727,59749,-42.651104,-13.202834
1728,59749,-56.61206,-11.191869
1729,59749,-57.595993,-16.939772
1730,59749,-68.171394,-12.230372
1731,59749,-69.55874,-19.951641
1732,59749,-67.80186,-14.08683
1733,59749,-79.69019,-22.89877
1734,59749,-78.808464,-13.549304
1735,59749,-93.96038,-21.990944
1736,59749,-103.2731,-16.717636
1737,59749,-98.37878,-24.525988
1738,59749,-111.94198,-16.511429
1739,59749,-94.022,-16.753304
1740,59749,-104.72395,-12.567461
1741,59749,-88.82835,-11.687446
1742,59749,-88.75129,-10.252571
1743,59749,-85.14158,-11.320841
1744,59749,-76.34535,-9.221864
1745,59749,-77.942635,-13.478506
1746,59749,-66.48369,-8.943009
1747,59749,-75.32158,-14.978277
1748,59749,-65.08503,-9.338188
1749,59749,-73.15788,-15.807951
1750,59749,-67.75378,-11.608982
1751,59749,-72.02629,-15.851545
1752,59749,-69.76301,-13.620639
1753,59749,-72.87005,-16.750776
1754,59749,-73.29727,-16.091633
1755,59749,-79.38782,-20.891487
1756,59749,-81.76066,-22.142612
1757,59749,-85.275856,-18.904804
1758,59749,-91.72249,-22.255207
1759,59749,-92.04272,-16.415977
1760,59749,-105.0694,-23.197197
1761,59749,-106.98702,-16.085075
1762,59749,-122.52634,-25.444782
1763,59749,-129.76103,-20.200706
1764,59749,-143.72661,-29.593266
1765,59749,-154.09439,-24.690771
1766,59749,-167.1474,-33.278774
1767,59749,-176.43146,-30.59287
1768,59749,-176.61102,-33.466816
1769,59749,-203.39427,-38.914417
1770,59749,-194.04268,-41.638435
1771,59749,-220.73672,-42.874763
1772,59749,-217.51102,-43.356503
1773,59749,-227.45555,-51.26538
1774,59749,-233.32167,-54.580666
1775,59749,-222.47221,-46.05894
1776,59749,-236.34297,-47.711037
1777,59749,-207.34944,-35.734306
1778,59749,-212.67683,-40.586124
1779,59749,-187.55501,-29.092121
1781,59749,-167.04152,-28.879047
3128,61927,17.07651,6.141776
3129,61927,39.438473,10.91246
3130,61927,44.289547,15.138817
3131,61927,55.315147,23.936445
3132,61927,67.29558,22.933971
3133,61927,69.50647,28.679497
3134,61927,72.00191,24.683338
3135,61927,72.74375,33.14544
3136,61927,71.70105,27.415974
3137,61927,71.61793,36.517735
3138,61927,68.24977,28.953033
3139,61927,67.839645,38.060715
3140,61927,60.75846,31.400341
3141,61927,61.579025,38.643612
3142,61927,60.787224,29.03754
3143,61927,61.14818,30.0107
3144,61927,64.780914,31.895756
3145,61927,59.27957,29.554302
3146,61927,67.5774,31.593054
3147,61927,57.61777,28.831541
3148,61927,69.733635,32.06202
3149,61927,59.935463,27.207815
3150,61927,69.30375,33.579117
3151,61927,65.79565,28.573137
3152,61927,68.76837,24.949282
3153,61927,-75.03902,-20.474804
3154,61927,-92.83558,-7.199633
3155,61927,50.749935,6.318283
3156,61927,53.056835,13.889944
3157,61927,50.573456,16.315931
3158,61927,48.594975,19.312906
3159,61927,43.633633,20.511753
3160,61927,41.54191,24.396795
3161,61927,36.753075,25.523233
3162,61927,38.814533,26.030666
3163,61927,31.829018,26.292086
3164,61927,37.259865,26.393694
3165,61927,33.193333,25.921864
3166,61927,38.752396,25.68714
3167,61927,37.941925,24.208742
3168,61927,45.60835,22.871292
3169,61927,52.579487,21.913857
3170,61927,52.733864,22.737438
3171,61927,57.075417,20.149803
3172,61927,54.792953,20.98449
3173,61927,55.82174,16.794031
3174,61927,54.543793,19.885462
3175,61927,53.891735,13.509644
3176,61927,52.886635,18.74706
3177,61927,51.101376,11.610502
3178,61927,50.551773,18.06577
3179,61927,50.259293,19.274282
3180,61927,51.568424,16.936588
3181,61927,52.340363,19.413763
3182,61927,52.961517,16.225481
3183,61927,51.983185,18.725729
3184,61927,53.045403,15.182525
3185,61927,51.024933,17.537844
3186,61927,51.922512,9.499872
3187,61927,51.149273,9.744388
3188,61927,52.428757,10.325754
3189,61927,50.649685,10.007673
3190,61927,52.55354,13.427287
3191,61927,48.942513,11.730188
3192,61927,49.701954,16.641373
3193,61927,46.808624,16.692501
3194,61927,47.44488,19.569141
3195,61927,40.89936,19.983334
3196,61927,42.416157,22.302645
3197,61927,31.810087,26.03169
3198,61927,35.154873,26.185024
3199,61927,26.109737,27.656275
3200,61927,31.548046,27.080095
3201,61927,25.405294,27.392632
3202,61927,32.960033,26.240284
3203,61927,31.921703,25.613028
3204,61927,40.416687,24.698418
3205,61927,40.84102,23.376291
3206,61927,46.810287,23.935371
3207,61927,50.42274,21.018106
3208,61927,50.813103,22.199886
3209,61927,55.064945,17.815804
3210,61927,53.926704,20.88052
3211,61927,55.145145,15.2280445
3212,61927,53.767586,20.360565
3213,61927,52.960884,14.956975
3214,61927,51.696968,19.212896
3215,61927,52.393585,21.249205
3216,61927,52.63057,20.225876
3217,61927,54.52913,21.81903
3218,61927,52.23303,19.096153
3219,61927,50.97581,20.734316
3220,61927,51.54308,17.2867
3221,61927,50.448513,9.412014
3222,61927,51.990967,7.9931736
3223,61927,53.095,8.135915
3224,61927,53.72554,7.00109
3225,61927,50.195408,8.112985
3226,61927,51.020096,9.878713
3227,61927,46.736874,9.568554
3228,61927,46.562588,14.32516
3229,61927,46.458893,14.969593
3230,61927,43.25606,18.19511
3231,61927,41.47319,20.182264
3232,61927,39.31439,21.641695
3233,61927,35.049694,25.331856
3234,61927,35.389793,24.96801
3235,61927,29.411352,26.330841
3236,61927,32.874035,25.561708
3237,61927,27.19257,26.76568
3238,61927,34.076084,25.2851
3239,61927,31.480324,25.807983
3240,61927,41.381283,24.558937
3241,61927,42.63115,23.6404
3242,61927,48.521103,23.692024
3243,61927,48.893593,20.846802
3244,61927,50.425816,22.016287
3245,61927,53.989803,17.772453
3246,61927,53.337383,21.01177
3247,61927,55.643333,15.010351
3248,61927,54.748505,20.3367
3249,61927,56.27405,14.271611
3250,61927,53.709393,21.896904
3251,61927,55.05985,19.797909
3252,61927,53.37413,19.45169
3253,61927,55.83882,20.41406
3254,61927,53.78171,18.783546
3255,61927,55.43666,19.50345
3256,61927,54.319656,17.094772
3257,61927,54.70876,17.829979
3258,61927,55.736713,7.9310536
3259,61927,56.16815,5.8241663
3260,61927,56.792736,3.773594
3261,61927,55.568676,3.4614623
3262,61927,57.38176,4.36486
3263,61927,51.675518,3.0147016
3264,61927,53.98141,8.207262
3265,61927,49.87458,8.2442465
3266,61927,50.911068,13.766628
3267,61927,47.786545,16.15892
3268,61927,45.318245,19.115675
3269,61927,41.27745,22.927946
3270,61927,39.990276,22.532457
3271,61927,33.442642,24.278713
3272,61927,36.00271,23.682053
3273,61927,29.591412,24.489832
3274,61927,36.858646,22.936338
3275,61927,31.260336,23.725021
3276,61927,41.041176,21.8185
3277,61927,40.081287,21.133858
3278,61927,48.28481,21.37671
3279,61927,48.01379,18.018078
3280,61927,51.13281,20.041626
3281,61927,53.007065,15.275425
3282,61927,53.1209,19.416296
3283,61927,57.219208,12.444008
3284,61927,55.01566,18.963205
3285,61927,58.233948,10.467052
3286,61927,55.37448,18.216742
3287,61927,56.962967,11.361134
3288,61927,54.502,15.34692
3289,61927,56.508934,12.206888
3290,61927,54.929386,15.074176
3291,61927,56.55333,10.250938
3292,61927,55.32933,12.4291
3293,61927,56.725258,4.9375114
3294,61927,58.522213,1.1447132
3295,61927,58.41217,-8.158278
3296,61927,58.66532,-0.21665096
3297,61927,57.47385,-3.1687975
3298,61927,59.57247,-0.3673792
3299,61927,55.320595,-3.2149434
3300,61927,58.656223,3.2088637
3301,61927,53.648853,0.42043328
3302,61927,57.460033,7.7770114
3303,61927,54.1934,8.382278
3304,61927,54.351173,12.283129
3305,61927,49.73362,14.725435
3306,61927,48.171795,15.004295
3307,61927,40.385956,19.093996
3308,61927,41.227047,17.382914
3309,61927,30.945946,20.574755
3310,61927,37.136925,18.96022
3311,61927,29.539114,21.036625
3312,61927,40.37483,18.890995
3313,61927,37.25494,18.62881
3314,61927,45.831425,18.675184
3315,61927,43.19426,16.898722
3316,61927,47.530834,18.298847
3317,61927,46.7876,14.40391
3318,61927,48.1309,17.961746
3319,61927,52.190495,11.29998
3320,61927,51.29703,17.372095
3321,61927,55.03053,8.458698
3322,61927,53.043247,16.728062
3323,61927,54.836487,6.085449
3324,61927,51.34052,13.582295
3325,61927,53.233253,11.191141
3326,61927,50.702454,13.143736
3327,61927,53.345036,9.003317
3328,61927,50.773125,11.186904
3329,61927,52.89831,4.5313416
3330,61927,54.563366,8.114767
3331,61927,-11.434853,-3.9898038
4687,47726,43.91725,20.022308
4744,58826,44.784874,24.786354
4745,58826,57.17033,29.660767
4746,58826,60.522747,35.80907
4747,58826,58.12553,24.749237
4748,58826,56.18731,24.71764
4749,58826,54.59529,24.784487
4750,58826,58.831223,24.705881
4751,58826,59.824203,31.521719
4752,58826,60.642445,31.040281
4753,58826,60.584366,35.280167
4754,58826,66.16487,36.1823
4755,58826,49.727745,15.899742
4936,47550,43.86463,15.668428
4937,47550,51.985065,25.005186
4963,63972,-4.814327,28.14908
4964,63972,-7.295406,27.147627
4965,63972,18.1926,7.3590755
4966,63972,16.665173,7.0466814
4967,63972,15.232908,6.854856
4968,63972,14.689976,6.4981403
4969,63972,13.910353,6.653857
4970,63972,12.82894,7.0572557
4971,63972,16.763275,8.0895
4972,63972,17.971039,8.402753
4973,63972,18.391043,8.376431
4974,63972,18.983532,8.241802
4975,63972,18.731266,8.543789
4976,63972,20.061802,8.174133
4977,63972,19.190716,7.783598
4978,63972,18.768185,8.070737
4979,63972,19.08884,8.269077
4980,63972,19.088299,8.235228
4981,63972,19.107931,7.9125643
4982,63972,18.488163,7.781273
4983,63972,18.531387,7.417697
4984,63972,17.772972,7.2407484
4985,63972,18.487995,6.94201
4986,63972,17.456686,6.6999674
4987,63972,18.152273,6.615317
4988,63972,16.621965,6.4092994
4989,63972,16.845816,6.3272295
4990,63972,15.33581,6.0956597
4991,63972,15.8693905,5.9657454
4992,63972,15.308648,5.9335766
4993,63972,15.121878,6.1064124
4994,63972,14.060253,6.475836
4995,63972,15.072459,6.954509
4996,63972,16.252571,7.034296
4997,63972,15.3042555,7.4054956
4998,63972,16.993988,7.4896994
4999,63972,15.824211,7.874399
5000,63972,17.875599,7.825494
5001,63972,16.731024,8.185017
5002,63972,18.827618,7.955444
5003,63972,17.70082,8.370471
5004,63972,18.850445,7.812208
5005,63972,18.382025,8.500403
5006,63972,18.655878,7.7789783
5007,63972,18.580795,7.920498
5008,63972,18.731672,7.81042
5009,63972,18.347818,7.235032
5010,63972,18.47707,7.787508
5011,63972,18.333614,7.8212023
5012,63972,17.904366,7.827592
5013,63972,18.189209,8.051258
5014,63972,17.232334,7.963836
5015,63972,17.467022,7.9205513
5016,63972,16.780663,7.7563105
5017,63972,16.588217,7.436532
5018,63972,15.29215,7.2317896
5019,63972,15.733248,6.717354
5020,63972,13.895601,6.5757513
5021,63972,15.799898,6.2021017
5022,63972,14.268893,6.1378
5023,63972,15.384704,6.0153127
5024,63972,13.770705,5.7041526
5025,63972,13.768101,5.8095036
5026,63972,13.11056,5.5644274
5027,63972,13.076716,5.6102753
5028,63972,13.121283,5.8681846
5029,63972,12.541491,6.058347
5030,63972,13.032759,6.2775316
5031,63972,13.465929,6.5027
5032,63972,13.696104,6.4469576
5033,63972,13.342703,6.7139626
5034,63972,13.908667,6.3656273
5035,63972,13.403535,6.800705
5036,63972,14.16279,6.592107
5037,63972,13.355494,6.985736
5038,63972,14.733148,6.7835035
5039,63972,14.3469095,7.208884
5040,63972,15.796834,6.797862
5041,63972,15.450126,7.332844
5042,63972,15.733242,6.7567053
5043,63972,15.25445,7.498914
5044,63972,15.410381,6.837124
5045,63972,15.363008,7.029909
5046,63972,15.25681,6.9460154
5048,63972,35.778904,34.051258
5157,47372,5.5987835,3.3300698
5159,47372,11.537069,18.48163
5160,47372,43.407845,13.5217905
5247,47173,39.396244,12.012577
5251,63967,-160.11421,-80.89767
5252,63967,5.602014,16.037977
5253,63967,-1.2571454,14.455414
5254,63967,1.9877911,14.792597
5255,63967,0.56518316,18.544912
5256,63967,-0.04093647,15.475941
5257,63967,-2.256906,18.979424
5258,63967,-5.1978707,16.252989
5259,63967,-5.9725165,19.059128
5260,63967,-5.486834,16.2292
5261,63967,-9.676636,16.886251
5262,63967,-9.237337,15.013493
5263,63967,-20.351112,12.343895
5264,63967,-19.595348,14.055979
5265,63967,-35.48745,10.191954
5266,63967,-29.522419,13.666821
5267,63967,-34.600258,13.146615
5268,63967,-38.029625,11.947071
5269,63967,-38.4357,10.573345
5270,63967,-42.67527,6.17072
5271,63967,-96.28402,-24.035252
5272,63967,-105.2773,-13.633812
5273,63967,-104.768845,-23.301208
5274,63967,-98.51252,-9.515262
5275,63967,-100.32031,-21.3526
5276,63967,-85.15006,-8.719039
5277,63967,-94.08183,-19.176758
5278,63967,-71.909676,-10.253799
5279,63967,-89.93755,-15.657818
5280,63967,-68.645966,-13.923287
5281,63967,-88.061104,-17.65107
5282,63967,-81.99429,-14.030457
5283,63967,-75.23451,-7.947457
5284,63967,-72.55821,-9.536505
5285,63967,-68.93355,-22.79303
5286,63967,-77.63605,-8.422958
5287,63967,-84.70703,-10.892868
5288,63967,-111.495544,-8.439279
5289,63967,-108.73706,-27.818466
5290,63967,-129.7642,-22.206234
5291,63967,-123.35677,-33.76039
5292,63967,-134.19402,-21.012794
5293,63967,-135.9225,-25.696968
5294,63967,-145.08354,-18.100727
5551,64215,30.659735,13.7811
5552,64215,20.819496,11.099076
5553,64215,20.786577,10.633326
5554,64215,23.51907,13.235056
5555,64215,26.315807,13.692469
5556,64215,23.749453,13.326621
5557,64215,33.21491,6.552112
5558,64215,33.73983,6.9796505
5559,64215,32.74938,7.2223663
5560,64215,38.37401,12.899274
5561,64215,24.939215,9.076637
5562,64215,40.55698,13.079333
5563,64215,25.858253,9.196621
5564,64215,39.36072,12.77051
5565,64215,37.74276,11.170548
5566,64215,28.61272,7.197726
5567,64215,31.595718,5.122125
5568,64215,28.33308,6.13997
5569,64215,34.288864,5.5436554
5570,64215,28.517437,5.991161
5571,64215,33.8617,5.8311644
5572,64215,21.9927,6.773573
5573,64215,24.43695,5.722231
5574,64215,22.626925,8.344406
5575,64215,37.572914,11.739391
5576,64215,21.552717,8.358365
5577,64215,37.564754,12.06513
5578,64215,22.163559,8.94537
5579,64215,37.628983,11.765903
5580,64215,21.60439,8.451569
5581,64215,35.3327,10.561264
5582,64215,24.58493,8.571875
5583,64215,26.251143,6.66278
5584,64215,29.852968,5.3898096
5585,64215,27.516747,5.990428
5586,64215,33.562397,5.6425095
5587,64215,26.982386,6.0607967
5588,64215,31.934334,6.240219
5589,64215,20.429367,6.4766526
5590,64215,25.471443,5.718994
5591,64215,20.84936,7.3292136
5592,64215,26.669634,6.4014316
5593,64215,19.599646,8.148557
5594,64215,31.538605,11.499053
5595,64215,22.039736,8.226406
5596,64215,38.983135,11.740226
5597,64215,31.93031,8.296209
5598,64215,45.07845,9.894109
5599,64215,30.982315,8.344603
5600,64215,43.19615,9.341961
5601,64215,25.768984,8.739244
5602,64215,34.57843,8.886396
5603,64215,22.4487,8.82709
5604,64215,7.322848,14.890331
5605,64215,56.837105,25.436234
5738,59800,41.16782,20.468258
5739,59800,49.983055,25.312351
5740,59800,70.02829,26.196402
5741,59800,69.57009,27.223778
5742,59800,68.25721,26.917559
5743,59800,66.14409,27.514912
5744,59800,-41.785156,-38.941406
5745,59800,-2.737391,-9.251285
5746,59800,31.750505,14.023579
5747,59800,34.477943,14.924836
5748,59800,34.615314,16.141695
5749,59800,28.542011,15.917683
5750,59800,44.137756,18.929296
5751,59800,40.2735,19.463253
5752,59800,36.316395,18.442732
5753,59800,16.071302,16.87985
5754,59800,22.19429,19.739872
5755,59800,30.1332,22.564667
5758,59800,45.168106,21.109503
6302,59168,25.961388,16.438866
6303,59168,52.10498,22.751886
6304,59168,50.03965,19.845222
6305,59168,58.369816,25.3484
6306,59168,61.96856,25.614357
6307,59168,60.594048,23.840792
6308,59168,57.844746,20.808893
6309,59168,55.86129,19.267046
6310,59168,58.297966,19.372564
6311,59168,54.380978,19.658989
6312,59168,54.296337,20.703209
6313,59168,50.836624,20.79543
6314,59168,48.78801,20.479208
6315,59168,47.79037,19.597452
6316,59168,47.54251,19.586897
6317,59168,45.198303,18.425936
6318,59168,43.749844,17.617529
6319,59168,38.712746,16.617859
6320,59168,37.080467,15.182745
6327,63372,16.890203,18.3438
6328,63372,39.10624,19.557178
6329,63372,5.1341352,3.6205053
6330,63372,59.77633,25.969141
6331,63372,54.563904,27.503126
6332,63372,49.30935,26.77883
6333,63372,51.63132,25.753666
6334,63372,55.098557,25.070078
6335,63372,-115.24921,-65.61485
6336,63372,-103.1975,-75.18189
6337,63372,-108.73053,-83.0541
6466,60341,26.49339,7.774788
6467,60341,37.00288,18.06038
6468,60341,70.88758,27.650665
6469,60341,70.6354,25.719261
6470,60341,77.501335,28.855509
6471,60341,77.72056,27.068256
6472,60341,77.915085,28.484667
6473,60341,77.33343,28.670586
6474,60341,78.246315,28.496002
6475,60341,77.75925,28.997063
6476,60341,78.17125,28.349966
6477,60341,78.67128,28.249264
6478,60341,79.59044,28.576225
6479,60341,78.65585,28.051048
6480,60341,80.11216,29.739809
6481,60341,78.12756,29.43679
6482,60341,79.4813,30.195534
6483,60341,78.47401,28.69001
6484,60341,79.52016,30.221033
6485,60341,78.98941,27.709055
6486,60341,78.4497,28.997887
6487,60341,77.933464,27.07981
6488,60341,73.39075,27.166664
6489,60341,72.725204,26.847565
6490,60341,60.03971,21.685892
6491,60341,61.788708,21.017134
6492,60341,-60.810566,-15.809071
6493,60341,-70.696106,-14.555704
6494,60341,0.37397146,0.35979748
6495,60341,-1.854229,-0.52421093
6496,60341,7.096404,3.4240603
6497,60341,5.6236744,1.6435981
6498,60341,9.453434,2.9595137
6499,60341,8.532631,2.3477018
6500,60341,10.803872,1.9376278
6501,60341,9.543204,2.4913788
6502,60341,12.970018,2.0273626
6503,60341,9.653473,2.3316026
6504,60341,13.539398,2.9807508
6505,60341,10.675753,1.9675493
6506,60341,13.382202,3.860402
6507,60341,12.127077,1.9799352
6508,60341,12.578011,3.3082008
6509,60341,12.725777,1.5272439
6510,60341,12.114519,1.946789
6511,60341,11.72893,0.10634065
6512,60341,12.047672,0.6416917
6513,60341,11.516857,-1.3138294
6649,59618,-138.94916,-79.76451
6725,45692,39.412373,10.261101
7256,59671,73.19468,31.874865
7263,59671,70.07137,28.913235
7264,59671,52.706684,15.124523
7706,63715,74.35247,34.436005
7708,63715,18.828196,16.581327
7709,63715,12.310171,8.626646
7711,63715,59.764324,29.896105
7712,63715,62.125046,29.997753
7713,63715,64.456406,31.443548
7714,63715,79.5628,32.712494
7715,63715,85.283104,34.90017
7716,63715,84.42906,33.80596
7717,63715,85.59487,34.04572
7718,63715,84.30788,33.766876
7719,63715,85.59951,34.26358
7720,63715,84.97106,34.097027
7721,63715,85.60622,35.29682
7722,63715,83.93621,34.54439
7723,63715,84.98558,34.9172
7724,63715,83.56489,34.39194
7725,63715,84.118,34.629173
7726,63715,84.0542,33.50422
7727,63715,83.88261,33.602345
7728,63715,84.574066,33.10395
7729,63715,83.970276,32.889652
7730,63715,85.24926,33.784485
7731,63715,83.753494,33.37332
7732,63715,85.61103,34.672386
7733,63715,83.42314,33.82253
7734,63715,85.29691,34.124207
7735,63715,84.17517,33.804012
7736,63715,-562.5152,-213.0675
7737,63715,-557.01416,-201.86784
7738,63715,-565.75494,-170.7439
7739,63715,-554.82166,-169.03984
7740,63715,-450.6492,-75.34313
7741,63715,-334.3072,-56.517937
7742,63715,4.852569,-6.369722
7743,63715,8.833778,-13.965738
7744,63715,15.664059,-9.163368
7745,63715,17.026974,-11.382604
7746,63715,19.763391,-8.005047
7747,63715,14.446425,-7.3216915
7748,63715,16.847319,-5.775702
7749,63715,15.100538,-1.8142462
7750,63715,15.54771,-0.35847425
7751,63715,14.36193,1.2227893
7752,63715,13.88036,0.6505668
7968,60370,14.544529,-3.0751348
7969,60370,4.6230435,-6.919992
7970,60370,49.00741,14.760595
7971,60370,44.783096,10.939413
7972,60370,44.783188,11.080527
7973,60370,52.642857,22.324545
7974,60370,54.717052,22.137398
7975,60370,55.921318,20.938778
7976,60370,51.406525,22.358042
7977,60370,48.074497,20.322168
7978,60370,55.62602,27.15888
7979,60370,57.79901,26.974655
7980,60370,57.128727,28.497522
7981,60370,50.82606,24.337805
7982,60370,48.879223,25.695866
7983,60370,46.124702,25.311058
7984,60370,55.10894,23.423523
7985,60370,57.146454,25.029528
7986,60370,57.237785,25.51918
7987,60370,41.317207,17.855865
7988,60370,39.208252,17.948454
7989,60370,35.700123,15.026665
7990,60370,49.67861,15.270877
7991,60370,50.790657,15.707225
7992,60370,49.114532,16.42161
7993,60370,38.928646,13.074273
7994,60370,38.93376,12.179637
7995,60370,33.8581,10.702372
7996,60370,45.538677,13.128519
7997,60370,46.462845,14.353186
7998,60370,42.775505,14.9517355
7999,60370,40.597027,15.522182
8000,60370,28.587776,12.069016
8001,60370,27.387476,11.495197
8002,60370,21.590954,9.678716
8003,60370,28.05288,13.453132
8004,60370,26.960732,13.725143
8005,60370,23.364317,14.307493
8006,60370,39.217823,20.38129
8022,62948,-38.789726,3.7662923
8023,62948,73.795975,25.66942
8024,62948,69.791756,26.053423
8025,62948,68.71552,26.343191
8026,62948,64.912155,25.840765
8027,62948,72.24884,33.379005
8028,62948,75.23584,34.920036
8029,62948,77.13891,33.380394
8030,62948,77.46198,34.5698
8031,62948,77.37283,33.163174
8032,62948,78.29109,34.810818
8033,62948,79.080376,33.171318
8034,62948,79.45801,34.785812
8035,62948,79.87375,31.993406
8036,62948,79.92762,32.32229
8037,62948,78.35519,28.03955
8038,62948,78.54112,25.337124
8173,47152,46.12469,19.719584
8308,58382,13.953477,3.3419132
8309,58382,10.153973,2.069503
8310,58382,42.93094,6.619281
8311,58382,44.753933,5.145502
8312,58382,44.314945,4.9092293
8313,58382,43.6087,12.003798
8314,58382,49.45081,12.116355
8315,58382,49.419563,11.97114
8316,58382,46.4831,11.002427
8317,58382,42.6754,9.676086
8318,58382,39.06289,8.805865
8319,58382,45.662045,8.048761
8320,58382,42.00862,7.407469
8421,59936,75.510994,21.109194
8422,59936,61.524208,19.373888
8423,59936,65.47737,18.237293
8424,59936,68.231155,26.647896
8425,59936,65.41507,27.418446
8428,59936,64.60323,17.77056
8429,59936,77.549805,25.22183
8430,59936,66.485916,24.888336
8431,59936,65.89737,24.235088
8432,59936,66.18379,24.22328
8433,59936,66.368454,25.739788
8556,57994,0.7641375,0.30543208
8557,57994,0.20971298,0.2812922
8558,57994,0.45933723,0.3512919
8559,57994,0.5132139,0.2628088
8560,57994,4.0742216,0.34389496
8561,57994,-29.92165,0.60973763
8562,57994,8.851772,0.2924919
8563,57994,-53.81721,1.2670636
8564,57994,10.703069,0.23466349
8565,57994,-63.01254,1.338017
8566,57994,8.343625,0.22377968
8567,57994,-78.45016,-1.6241312
8568,57994,1.5495598,0.30890107
8569,57994,-84.96952,-8.019363
8570,57994,-11.5296955,0.6897688
8571,57994,-92.310776,-12.579632
8572,57994,-28.223347,0.94498396
8573,57994,-97.375725,-14.869332
8574,57994,-40.795994,1.1163533
8575,57994,-98.20995,-15.817595
8576,57994,-46.758987,1.2623489
8577,57994,-95.10008,-16.24329
8578,57994,-42.4554,1.4046848
8579,57994,-82.22228,-16.503489
8580,57994,-4.13903,1.5623868
8581,57994,-68.206825,-15.762162
8582,57994,7.4530897,1.3646722
8583,57994,-30.255545,-15.353131
8584,57994,9.816104,1.2714863
8585,57994,6.177264,-12.344444
8586,57994,-13.862932,1.1331856
8587,57994,-3.4104824,-7.727182
8588,57994,-32.347786,0.952971
8589,57994,-21.997452,-2.9925346
8590,57994,-35.93017,0.7799864
8591,57994,-25.706959,-1.3885617
8592,57994,-31.001652,0.7257283
8593,57994,-20.535587,-0.68722963
8594,57994,-23.671198,0.8244097
8595,57994,-13.711512,-0.29832125
8596,57994,-17.97098,1.0064781
8597,57994,-7.483232,0.012767315
8598,57994,-15.022242,1.090616
8599,57994,-1.5314817,0.33807755
8600,57994,-12.068188,0.8606672
8601,57994,3.1024575,0.54359436
8602,57994,-6.0191154,0.32297373
8603,57994,7.0467653,0.3281653
8604,57994,1.3543308,-0.3284335
8605,57994,7.963628,-0.26277304
8606,57994,2.5145948,-0.90663433
8607,57994,7.708412,-0.9131193
8608,57994,2.764511,-1.1927128
8609,57994,7.508236,-1.649642
8610,57994,4.039282,-1.0719776
8611,57994,7.3218765,-2.5094748
8612,57994,4.4168353,-0.70164204
8613,57994,8.076614,-2.8107285
8614,57994,4.3455243,-0.35473108
8615,57994,9.067935,-3.0333161
8616,57994,3.9037824,-0.18033981
8712,63802,40.459717,17.818254
8713,63802,18.640285,7.498193
8714,63802,23.771084,9.973746
8715,63802,25.061052,11.348391
8786,63936,59.51923,21.950775
8795,62306,26.857466,18.54769
8831,55270,3.2081544,0.7492244
8832,61705,47.681248,10.082615
8892,59946,-39.04451,-38.340843
8893,59946,-16.116928,-6.392026
8953,62740,76.34828,26.782108
8954,62740,52.547096,16.504145
8964,60442,48.723286,22.484362
8965,64019,47.845364,15.280426
8966,64019,36.439278,13.638544
9010,60115,2.3940146,2.678752
9011,60115,29.272593,2.9829144
9012,60115,-19.901085,-18.03218
9035,59689,11.259585,11.660301
9042,62107,82.04339,32.78659
9054,61912,31.620693,19.42408
9092,64140,12.2258005,8.032638
9093,64140,67.20216,30.828785
9146,64720,47.66192,19.86705
9162,64596,-3.6361217,4.242599
9163,63804,39.49248,4.9253106
9164,63804,65.87946,26.055372
9207,58841,15.555441,-4.2669296
9208,58841,57.25109,24.077427
9209,58841,24.614174,1.0259926
