sample_idx,eta_q50,eta_q75,eta_q90,eta_q95
1690,-60.53804,37.69068,4.4852614,13.77036
1691,-3.2133698,-83.57445,-35.427345,-7.2001576
1692,-3.2881021,-85.12728,-33.801937,-8.7297325
1693,-15.958905,-91.594925,-33.420216,-17.359997
1694,-15.488136,-92.84446,-32.544327,-18.444801
1695,-106.096054,-95.88875,-38.451218,-25.804592
1696,-104.46875,-97.29892,-38.47139,-26.860857
1697,-90.762695,-86.3422,-44.679462,-31.358253
1698,-90.50452,-87.794136,-44.99924,-32.49711
1699,-54.43319,-62.74607,-49.557922,-34.375893
1700,-54.291916,-64.74507,-49.83629,-35.172546
1701,-40.59074,-74.72842,-51.07851,-34.90789
1702,-41.220642,-76.62077,-51.758133,-35.365772
1703,-36.914444,-70.41167,-51.223255,-36.550915
1704,-38.178932,-72.25803,-51.899338,-36.929573
1705,-40.37081,51.396244,-51.619923,-50.16464
1706,-41.384243,44.03215,-52.414715,-50.46432
1707,-13.760686,-44.9335,-53.859257,-50.289284
1708,-13.621796,-45.176888,-55.125298,-51.42692
1709,-34.21836,-47.873592,-19.10392,31.3321
1710,-33.729614,-47.96865,-19.445599,30.876286
1711,-27.823902,-54.30665,-17.493176,-35.908497
1712,-28.687584,-54.760765,-17.135847,-35.427464
1713,-20.179379,-40.51392,-31.082905,-18.570923
1714,-21.527397,-41.69068,-30.60875,-18.669247
1715,-3.216672,-56.391037,-105.1039,-39.152527
1716,-1.6325593,-54.866375,-104.5419,-36.81538
1717,2.251637,-42.25043,-104.008316,-28.301357
1718,2.5548458,-40.6906,-108.64701,-29.336823
1719,2.5171459,-38.35727,-100.565384,-28.758453
1720,0.14015436,-40.209354,-106.4183,-33.206474
1721,-1.2863278,-32.5158,-95.16121,-37.86422
1722,-5.808091,-36.770725,-98.47408,-44.40236
1723,-6.0168147,-37.66029,-86.39656,-51.08863
1724,-11.18499,-43.36213,-91.01232,-58.142544
1725,-10.128773,-61.50607,-85.99813,-65.788284
1726,-15.0731325,-67.39844,-94.212425,-72.236694
1727,-16.9814,-99.52129,-103.360176,-81.70268
1728,-21.264708,-104.502396,-113.15317,-87.11866
1729,-25.043976,-118.30275,-127.603294,-93.91891
1730,-25.99218,-122.045876,-137.65712,-98.16345
1731,-25.854038,-79.91482,-142.8828,-102.28507
1732,-22.305202,-80.36014,-150.98792,-105.91502
1733,-22.042763,-46.628822,-139.26234,-107.24895
1734,-18.379856,-44.902184,-143.5538,-110.19626
1735,-19.55719,-37.06733,-127.72956,-107.26121
1736,-18.139183,-35.20615,-129.40767,-109.090065
1737,-19.651413,-36.659622,-117.730545,-104.56836
1738,-20.139576,-34.296703,-120.06838,-107.11434
1739,-24.156357,-35.42931,-113.57591,-102.51
1740,-26.275599,-34.613728,-117.599014,-104.76201
1741,-30.696701,-41.338684,-113.07435,-100.07947
1742,-32.82045,-42.689133,-118.3953,-100.781105
1743,-36.435963,-56.06079,-112.56237,-94.99243
1744,-36.669792,-58.155025,-118.05477,-93.090485
1745,-38.22758,-67.60141,-108.4589,-85.286804
1746,-35.64414,-67.331314,-113.71377,-80.61886
1747,-35.015823,-70.199875,-106.93996,-71.800804
1748,-29.672886,-66.73988,-111.62591,-64.910934
1749,-26.509403,-66.19735,-109.888626,-56.823494
1750,-18.984926,-60.257244,-113.89205,-49.32444
1751,-14.889884,-56.431973,-112.73911,-42.509808
1752,-6.695354,-49.437584,-119.41185,-34.973953
1753,-3.907299,-42.696667,-116.02285,-29.727983
1754,3.4775794,-41.013084,-126.5187,-24.093103
1755,3.446126,-31.496609,-121.10126,-21.968306
1756,8.093953,-30.204178,-128.50337,-20.247246
1757,4.7223387,-18.600607,-122.70207,-22.261238
1758,5.4468927,-18.228304,-124.229095,-25.290049
1759,-0.71314573,-12.936187,-120.644714,-31.038177
1760,-3.3231616,-17.304266,-118.4824,-38.01259
1761,-9.952712,-22.67257,-123.50514,-46.201168
1762,-14.279854,-32.059322,-125.92757,-55.136944
1763,-19.65952,-39.731407,-135.91893,-64.28221
1764,-24.145126,-50.205685,-140.84007,-73.01
1765,-27.144289,-57.267166,-153.42137,-81.63672
1766,-30.969584,-65.79324,-158.6216,-89.454475
1767,-31.041992,-69.568886,-174.27516,-93.98925
1768,-33.721397,-74.47065,-180.7638,-99.93198
1769,-31.710743,-80.16807,-190.66873,-100.68436
1770,-34.436012,-84.68959,-197.7857,-105.19304
1771,-32.384895,-91.58667,-192.51967,-103.379776
1772,-36.57446,-91.3652,-200.98149,-107.776
1773,-35.11945,-85.03835,-186.12543,-104.30708
1774,-40.74588,-86.057304,-194.74716,-109.24973
1775,-39.938972,-77.25616,-181.044,-105.155014
1776,-46.773483,-80.34748,-188.00726,-110.83658
1777,-47.30059,-71.697876,-186.63017,-106.58972
1778,-53.756355,-77.80001,-191.32643,-111.35347
1779,-54.81006,-73.656525,-193.31647,-106.813644
1781,-58.551407,-80.22041,-181.30223,-104.20043
3128,-0.5182028,0.05045533,0.1870513,0.40553212
3129,-0.5068779,0.100803375,0.21881461,0.50020814
3130,-0.51203966,0.09781718,0.21295547,0.5142033
3131,-0.5060315,0.1279056,0.0008940697,66.15279
3132,-0.51037073,0.1332283,0.0038683414,67.42579
3133,-0.4914403,61.12554,-0.07952452,51.517773
3134,-0.49359798,60.533905,-0.055766106,52.06215
3135,-0.4071355,40.781223,4.851496,42.957912
3136,-0.40037632,41.064514,5.0126734,42.331135
3137,7.4373603,47.283302,28.41764,41.521202
3138,7.5217066,47.38495,29.20317,40.302364
3139,64.10482,19.862741,42.425175,48.55708
3140,64.833435,18.726421,43.00763,47.19089
3141,70.81782,13.551998,20.8368,46.585697
3142,68.03263,12.986702,20.009434,46.120876
3143,68.10572,10.561151,24.561518,56.55221
3144,66.847824,9.530205,22.829235,55.29937
3145,63.226044,60.60521,30.211538,38.795918
3146,62.561096,61.160896,28.092777,37.729984
3147,-9.45195,49.605774,32.916725,19.751108
3148,-9.780348,49.69882,30.41029,19.342781
3149,-19.787085,48.035667,34.356243,-0.5197406
3150,-19.800817,47.803284,31.846487,-0.30937195
3151,-46.42016,46.722824,41.264606,-17.76707
3152,-46.20502,46.39212,38.862274,-17.381405
3153,19.210989,-180.9417,-81.43892,1.0244787
3154,18.913412,-184.10497,-83.20099,1.7619431
3155,20.801783,-60.56435,30.049007,1.437819
3156,20.840656,-62.23917,31.48567,2.0080447
3157,13.360482,24.133884,31.592316,3.0408204
3158,13.082468,21.332615,32.428474,3.3116162
3159,6.71832,22.886395,32.46244,5.183208
3160,6.1609325,20.191877,32.97258,4.6151934
3161,2.173096,19.42268,32.60213,7.425576
3162,1.1703551,16.50523,32.965515,6.4620376
3163,-2.2845984,16.63059,31.559504,10.05932
3164,-3.818655,13.212567,32.01309,9.235186
3165,-7.1570516,11.610449,29.60285,13.579488
3166,-8.818507,8.053673,30.157995,13.324428
3167,-12.134957,4.7988358,27.263075,18.078363
3168,-13.555884,1.4237165,27.51211,18.21732
3169,-16.784084,-1.5568256,25.014145,22.699112
3170,-17.835176,-4.5155644,24.72192,22.947723
3171,-20.721626,-2.537024,22.477943,26.579159
3172,-21.13446,-5.297041,21.914757,26.544601
3173,-22.027958,-0.18635988,19.633448,27.84546
3174,-21.719896,-2.5318146,18.825037,27.095068
3175,-19.963205,0.5083263,17.22163,24.839294
3176,-18.96919,-1.7466426,16.43461,23.12647
3177,-10.316443,-8.175468,9.236288,18.38239
3178,-9.218597,-9.34341,9.72901,17.120594
3179,3.6569178,-6.167531,7.798958,14.712244
3180,4.5027914,-6.2695146,9.004945,13.850319
3181,19.82727,9.837413,11.804128,13.398981
3182,19.827354,10.630536,13.581032,12.937403
3183,32.53144,30.294441,16.164333,12.791366
3184,31.000525,30.295647,18.32791,12.879867
3185,37.49518,39.82753,21.157259,14.139557
3186,34.59286,37.398964,23.748993,14.694327
3187,35.072834,37.837685,32.28211,17.165672
3188,32.086063,33.79117,34.42933,17.793798
3189,29.97898,26.428318,40.28657,21.642155
3190,27.843063,22.536129,41.26305,22.199266
3191,24.20082,16.146994,40.20644,26.43974
3192,22.976631,13.29425,39.93294,26.891392
3193,17.941677,7.7226343,36.203968,28.216808
3194,17.10995,6.014824,35.634377,28.496027
3195,12.404209,0.17222166,31.136782,27.531164
3196,11.560493,-0.9206772,30.589039,27.411533
3197,7.628459,-6.0287356,25.56504,26.518923
3198,6.429964,-6.6535115,25.055058,25.898998
3199,2.9116213,-11.38097,19.761276,24.59566
3200,1.130569,-12.003506,19.367582,23.592806
3201,-1.7969728,-16.496897,14.121162,21.818268
3202,-3.9161086,-17.29244,13.755667,20.572424
3203,-6.0441613,-20.817493,8.794933,18.759537
3204,-8.2518215,-22.003746,8.090669,17.342281
3205,-9.530258,-23.89034,3.4596264,15.811014
3206,-11.388456,-25.197542,2.323246,14.185673
3207,-11.424613,-23.45208,-1.8777847,13.062275
3208,-12.542141,-24.549507,-3.12047,11.459619
3209,-10.842407,-20.316994,-5.2440405,10.73792
3210,-11.052179,-20.977306,-6.1041594,9.331316
3211,-8.108115,-17.009365,-6.4443707,9.591192
3212,-7.4650884,-16.999699,-6.534672,8.500135
3213,-1.0617733,-12.409592,-5.541408,8.123005
3214,-0.028693676,-11.808836,-4.81627,7.5351534
3215,10.750109,-4.2447805,-1.3026118,7.769537
3216,11.835533,-2.779305,0.16312003,7.748657
3217,24.092556,7.273799,5.418837,9.304768
3218,24.881924,9.58724,7.632494,9.751141
3219,36.862045,20.795696,14.036095,11.705387
3220,36.52275,23.100399,16.944468,12.576991
3221,45.095127,32.819492,23.53016,15.4699745
3222,42.950966,34.044224,26.745861,16.663795
3223,45.604942,39.308823,32.99908,20.076544
3224,42.123573,38.634514,35.69821,21.144676
3225,40.056175,37.92838,39.987267,24.390507
3226,36.570526,36.10391,41.43789,25.051958
3227,32.362736,32.075085,42.411102,27.840645
3228,29.656727,30.175924,42.628246,28.181166
3229,24.743526,23.011845,39.919765,28.82433
3230,22.759897,21.403152,39.49752,28.99245
3231,17.931765,12.434989,35.03716,27.381319
3232,16.346037,11.234117,34.3569,27.462626
3233,12.04878,3.645265,28.99561,26.046747
3234,10.53186,3.0234814,28.26876,25.924534
3235,6.7356052,-3.3266664,22.319668,24.239433
3236,4.9868464,-3.504324,21.688343,23.820782
3237,1.8459499,-8.857346,15.687251,21.416246
3238,-0.3486395,-8.890926,15.241069,20.702463
3239,-2.58255,-13.45166,9.511101,17.614628
3240,-5.112982,-13.715911,8.88995,16.495115
3241,-6.2969565,-18.473698,3.6541402,13.261909
3242,-8.7368965,-18.963015,2.5903344,11.771297
3243,-8.61516,-23.352814,-2.277279,8.8153305
3244,-10.551262,-23.8554,-3.6216855,7.209635
3245,-8.7066765,-23.474943,-7.2799444,5.0568223
3246,-9.907139,-23.771227,-8.437384,3.6084473
3247,-6.530547,-19.78575,-9.602987,3.0736864
3248,-6.830287,-19.521559,-10.155392,2.1314442
3249,-1.6508579,-15.184617,-9.796942,2.45533
3250,-1.1568666,-14.474976,-9.537458,1.9941866
3251,8.027893,-8.032632,-6.6678762,2.5434613
3252,9.015375,-6.7569256,-5.6573153,2.7365088
3253,19.966274,2.2975206,-1.0985017,4.2148056
3254,21.09856,4.374343,0.6631136,4.931802
3255,31.57729,17.415344,6.4764442,6.8039713
3256,32.187252,20.396572,8.918291,7.9791307
3257,40.554577,34.854584,15.674221,10.250145
3258,40.04313,38.058983,18.643682,11.730015
3259,46.429993,41.825558,25.832546,15.204239
3260,44.221462,43.482815,28.61235,16.595846
3261,47.37339,34.83033,34.817207,19.837498
3262,43.316925,34.257843,36.65155,20.827984
3263,40.53514,29.275799,40.127254,23.6412
3264,36.12542,27.654726,40.673035,24.126572
3265,30.956894,25.834375,40.205544,25.317282
3266,27.379053,23.91475,39.82352,25.336063
3267,22.359806,19.941086,36.71733,23.345058
3268,19.543625,18.855846,35.79609,23.138731
3269,14.735121,11.506451,31.130636,20.95489
3270,12.57996,10.945892,30.023777,20.614546
3271,8.318538,3.5058856,24.342997,18.493557
3272,6.45175,3.4264803,23.267084,18.204243
3273,2.8094769,-2.491343,17.22712,15.868568
3274,0.82217455,-2.6072025,16.425646,15.534914
3275,-2.0308971,-5.9749365,10.52314,12.697517
3276,-4.3406844,-6.212294,9.898317,12.26095
3277,-6.294489,-7.2171926,4.4036684,9.014172
3278,-8.827793,-7.431555,3.4998894,8.202964
3279,-9.706426,-7.7638626,-1.4710426,4.742402
3280,-12.055039,-7.8076363,-2.7829647,3.6034703
3281,-11.718761,-9.118998,-6.8947315,0.71110725
3282,-13.722539,-9.007311,-8.281803,-0.5241513
3283,-12.022448,-8.535206,-10.898054,-2.1760225
3284,-13.59421,-8.297825,-11.927139,-3.1439066
3285,-10.56081,-5.4030776,-12.204992,-3.677857
3286,-11.3556385,-4.998207,-12.575901,-4.3730736
3287,-6.187141,1.1002004,-10.907412,-4.6809793
3288,-6.0786724,1.7021418,-10.588789,-4.899895
3289,-0.29406548,8.913064,-7.2764993,-4.362321
3290,0.3698647,10.188473,-6.209624,-3.9045691
3291,4.8656225,14.370447,-1.3319373,-2.716744
3292,5.550647,16.361677,0.46806931,-1.6604304
3293,9.232437,7.696003,5.6103945,-1.2639642
3294,10.195989,9.173113,8.151781,0.2530098
3295,14.224731,-32.579136,14.678049,2.633512
3296,15.153914,-33.014404,17.46856,4.2642536
3297,21.204931,-90.81347,24.712736,6.709141
3298,21.133375,-93.062035,27.054321,7.8253326
3299,26.027668,-113.22772,32.739048,9.766459
3300,24.19011,-116.85598,34.095787,10.069138
3301,23.515247,-116.220665,36.327576,11.176175
3302,20.88517,-121.57843,36.700188,10.712278
3303,15.56148,-117.238976,35.253853,7.906991
3304,12.861532,-121.509674,34.83796,6.8814993
3305,6.4733086,-120.54565,31.264269,2.4444997
3306,4.001051,-121.98436,30.176662,1.1815608
3307,-2.0665288,-122.060684,24.990494,-2.9611468
3308,-3.9222121,-121.60123,23.71273,-3.8534403
3309,-9.422421,-121.45731,17.685843,-7.0782423
3310,-10.903942,-122.50042,16.590517,-7.6841474
3311,-15.936375,-121.54861,10.373992,-11.077857
3312,-16.965044,-123.935745,9.6819105,-11.542952
3313,-21.307695,-110.41801,3.8612664,-15.03427
3314,-22.083569,-111.607956,3.22482,-15.343642
3315,-24.937546,-87.25258,-1.9756079,-19.767427
3316,-25.548399,-86.96319,-2.9224634,-20.207035
3317,-27.042532,-67.18525,-7.764077,-25.582731
3318,-27.73161,-66.973206,-8.932913,-26.260365
3319,-28.85579,-53.16924,-13.313484,-31.911755
3320,-29.742014,-53.4155,-14.350104,-32.53908
3321,-31.174612,-48.8449,-16.663765,-40.6461
3322,-31.948555,-48.81381,-17.350996,-40.975155
3323,-31.661356,-52.085854,-18.263662,-46.61926
3324,-31.846487,-51.150894,-18.574965,-46.795105
3325,-29.045809,-58.12019,-18.899368,-51.10499
3326,-28.526175,-56.3671,-18.713129,-50.074303
3327,-25.031578,-73.0637,-18.267464,-51.212345
3328,-24.089443,-71.183334,-17.586576,-49.4218
3329,-20.405806,-117.10875,-16.701496,-54.653263
3330,-18.812502,-117.70067,-15.313662,-52.818512
3331,4.9762545,-93.42791,-151.25278,-69.91683
4687,47.113728,30.835651,28.110159,-255.15208
4744,-4.6892166,47.409332,20.979685,34.524693
4745,-4.344785,48.589684,20.141666,34.838177
4746,-3.3277035,49.430054,21.21938,35.390354
4747,-0.058436394,40.025215,27.532364,23.32567
4748,0.036525726,39.78336,28.258408,23.463022
4749,-0.06785393,40.521957,28.756124,23.202627
4750,0.27045608,41.307194,29.22433,20.156437
4751,2.294153,49.727154,28.913815,14.530134
4752,2.1107018,49.803207,28.582394,15.19121
4753,1.6250789,49.434727,29.059416,15.150899
4754,62.664543,44.37438,1.414746,22.833532
4755,-0.3775239,40.54863,71.46611,77.73009
4936,11.965257,-13.225067,-53.22306,-92.10262
4937,41.49238,-6.136942,-60.547947,-333.26517
4963,-0.109517574,-20.37276,-18.842411,-56.643166
4964,-4.546547,-20.463514,-20.155085,-58.376575
4965,22.355545,21.087282,19.39817,28.338247
4966,22.896278,21.051186,20.159918,28.13648
4967,23.31056,21.241968,20.513397,27.952385
4968,22.22972,21.72253,21.239407,27.898026
4969,22.485083,21.202951,21.237183,28.15805
4970,22.927063,21.104538,21.110123,28.308344
4971,23.523504,21.19522,21.241962,28.292978
4972,23.942448,21.290577,21.43489,28.404634
4973,24.107075,21.39712,21.484398,28.674263
4974,23.999918,21.501589,21.852762,28.83733
4975,23.757488,21.573383,22.292799,28.829367
4976,23.690361,21.513474,22.269756,28.775358
4977,23.209888,21.47727,22.257841,28.714483
4978,22.73941,21.334965,22.142761,28.62925
4979,22.756027,21.163982,22.149675,28.542095
4980,22.712772,20.988148,22.22104,28.427017
4981,22.738297,20.860672,22.322338,28.336311
4982,22.681475,20.774477,22.281754,28.297806
4983,22.849428,20.698298,22.556871,28.275282
4984,22.814781,20.60445,22.526508,28.24673
4985,22.986008,20.490086,23.148745,28.164858
4986,22.958612,20.39749,23.110788,28.142155
4987,23.354393,21.71988,23.57651,28.010256
4988,23.334986,21.623629,23.512846,27.974546
4989,23.182756,25.45234,23.358887,27.904129
4990,23.20279,25.327946,23.311054,27.864569
4991,22.449028,25.845074,23.297256,27.794903
4992,22.499449,25.829596,23.292833,27.760666
4993,22.401953,24.425549,23.559528,27.70186
4994,22.402971,22.283184,23.815643,27.897877
4995,22.509193,21.261341,23.815178,28.093475
4996,22.550499,21.292984,23.853756,28.065132
4997,22.73373,21.050655,23.903387,28.28197
4998,22.75669,21.062534,23.931301,28.258461
4999,22.949934,21.248663,24.280018,28.491814
5000,22.93734,21.207125,24.324936,28.474438
5001,23.160904,21.285421,24.454838,28.78989
5002,23.130453,21.236437,24.47077,28.777004
5003,23.192905,21.284771,24.781155,29.045004
5004,23.141502,21.235043,24.74758,29.005331
5005,23.085218,21.19434,25.182087,29.016941
5006,23.03232,21.161335,25.105185,28.9613
5007,22.897642,21.00901,25.39196,28.907299
5008,22.84736,20.959002,25.335716,28.845232
5009,22.658283,20.829952,25.197369,28.79048
5010,22.608524,20.768017,25.172281,28.741365
5011,22.413576,20.741112,25.086493,28.728098
5012,22.3764,20.691216,25.058247,28.684652
5013,22.422403,20.746685,25.068867,28.65507
5014,22.382313,20.70605,25.019556,28.604763
5015,22.414457,20.780611,25.069744,28.542465
5016,22.355312,20.721043,25.014967,28.497923
5017,22.435247,20.814753,25.143444,28.45494
5018,22.347528,20.71563,25.119621,28.422272
5019,22.465223,21.07479,25.425768,28.388763
5020,22.394258,20.9575,25.400454,28.374607
5021,22.642273,22.455788,25.824278,28.30553
5022,22.569859,22.442854,25.791079,28.270632
5023,23.24313,25.079775,25.870478,28.222322
5024,23.22781,25.118876,25.796139,28.176563
5025,22.56034,25.667912,25.797344,28.120077
5026,22.58855,25.708897,25.742012,28.073238
5027,22.826254,24.406809,25.998825,28.010088
5028,22.878975,24.412125,25.991844,27.977055
5029,23.449099,22.228981,26.406199,27.966148
5030,23.452436,22.249949,26.431787,27.942627
5031,24.076874,21.298105,26.646894,28.126514
5032,24.112373,21.32805,26.674908,28.104805
5033,25.3231,21.050346,26.692814,28.392405
5034,25.341202,21.065742,26.712095,28.370422
5035,27.187616,20.99694,27.022993,28.753918
5036,27.156412,20.991486,27.022345,28.72706
5037,29.571564,21.01577,27.319199,29.143959
5038,29.575056,20.990461,27.29113,29.108232
5039,31.59451,20.9947,27.42598,29.525501
5040,31.60109,20.955086,27.36966,29.483282
5041,33.11527,20.904505,27.910107,29.703491
5042,33.053177,20.8544,27.846014,29.656082
5043,35.04821,20.703226,28.486092,30.254805
5044,34.968697,20.651823,28.438633,30.201328
5045,34.91311,20.537836,28.707058,30.081676
5046,34.83679,20.49337,28.665495,30.03866
5048,49.64161,16.865242,-69.94936,-34.78334
5157,-0.8457184,-104.976105,-84.43523,-63.210644
5159,-1.2618899,0.17733574,-252.02458,-341.76044
5160,4.9464703,41.980934,16.495365,11.676759
5247,-375.0808,32.57499,33.275837,9.620249
5251,-52.583492,7.8898787,-126.15192,-130.37427
5252,-2.8873563,51.294815,-36.395966,-40.518806
5253,-3.0934691,53.1088,-37.26264,-40.624393
5254,-2.9349446,57.55074,-36.71577,-40.612267
5255,-2.944851,58.865868,-37.023174,-40.504623
5256,-2.6046872,60.033886,-35.56328,-40.389633
5257,-2.603972,60.365913,-36.400784,-40.10569
5258,-2.6641726,60.11969,-35.98654,-40.08145
5259,-2.8805614,58.890717,-37.56292,-40.116085
5260,-2.9752612,59.22792,-37.577545,-40.129314
5261,-3.3213377,58.16128,-39.3708,-40.253044
5262,-3.5732865,58.383137,-39.446163,-40.529205
5263,-3.8978815,57.124794,-40.503944,-40.70351
5264,-4.070258,57.645462,-40.455975,-40.910866
5265,-4.1861057,56.06047,-41.110146,-40.77357
5266,-4.191661,56.347847,-40.93541,-40.744102
5267,-4.670334,54.683315,-41.852604,-40.837933
5268,-5.3275466,52.990036,-43.80156,-40.878094
5269,-5.38826,50.829613,-44.98327,-40.921818
5270,-5.7233214,47.919567,-46.330475,-40.847206
5271,2.7549982,-223.71704,-123.41838,-104.65613
5272,4.029143,-221.9825,-133.4492,-105.679634
5273,2.8258443,-225.30661,-133.99391,-108.680984
5274,4.399604,-227.33676,-141.16618,-110.82251
5275,3.4760416,-230.64621,-143.4525,-113.66706
5276,4.9804926,-238.38187,-150.80722,-117.65263
5277,3.9491177,-237.46143,-152.80083,-120.64796
5278,4.9826026,-238.01778,-156.37682,-126.02251
5279,4.3633757,-231.18527,-155.5981,-127.75714
5280,6.361479,-221.715,-156.1835,-131.65057
5281,6.228942,-214.5093,-154.2285,-130.75867
5282,6.937659,-195.03708,-150.7565,-132.32608
5283,4.1464148,-178.84213,-146.34561,-132.57776
5284,0.32154322,-179.17647,-141.9195,-130.86038
5285,-2.50113,-186.91852,-140.48355,-132.24385
5286,-4.174912,-184.68036,-139.36868,-132.513
5287,-9.113443,-189.72528,-140.28067,-134.41776
5288,-10.191703,-196.5396,-140.02017,-134.62506
5289,-15.030802,-186.16985,-141.46399,-134.94363
5290,-15.480173,-183.8599,-139.98418,-133.26862
5291,-18.798256,-171.87589,-142.09311,-134.6097
5292,-20.8933,-171.23608,-140.39922,-133.78983
5293,-28.298569,-152.41212,-140.19682,-136.18619
5294,-33.629944,-150.03209,-139.7672,-138.04724
5551,-0.08535385,0.30398965,8.5031395,17.176645
5552,-0.08159876,0.81744194,9.075183,15.292591
5553,-0.0872612,0.77337027,9.038496,15.111178
5554,0.18696785,15.642709,15.434414,56.20753
5555,0.2875626,16.46967,14.54618,59.654583
5556,0.2474606,17.466766,14.925027,53.725754
5557,0.3788948,26.349527,20.617693,38.387947
5558,0.40755272,26.430052,19.009035,37.780296
5559,0.4297316,26.39296,18.254667,37.984116
5560,3.3894658,25.473022,22.938793,41.522587
5561,-0.07071495,24.938679,18.408703,37.685745
5562,-2.0074606,24.965,17.807013,38.095863
5563,-5.163634,24.611902,17.689478,35.176395
5564,-4.2594314,25.215649,19.244831,37.639553
5565,-2.344358,26.54652,26.228058,35.955578
5566,-7.3789597,30.551321,17.62209,17.742682
5567,-8.619822,30.79896,18.603493,20.401155
5568,-11.02351,29.47871,17.331505,18.208944
5569,-11.965979,29.612701,17.019129,18.786573
5570,-12.259876,27.400011,16.023148,15.561062
5571,-12.078083,28.132296,16.094906,17.58861
5572,-15.428019,28.679562,15.93014,16.18129
5573,-15.865636,29.605038,16.057163,16.657717
5574,-34.833942,25.56742,15.397268,12.863165
5575,-36.73228,25.906986,15.086836,13.859677
5576,-38.68251,25.986725,14.194065,9.992194
5577,-39.48977,25.941444,14.0984535,9.735954
5578,-41.585266,26.077866,14.134216,6.7193747
5579,-40.4395,26.137526,13.950664,9.113651
5580,-40.51788,26.019938,13.900256,6.916225
5581,-37.985516,26.17349,13.804865,8.289587
5582,-38.863873,26.15375,14.2796335,10.194093
5583,-31.980408,29.574013,11.912805,0.49886107
5584,-33.12484,29.609823,11.903042,0.84820986
5585,-33.06335,29.38974,11.611003,-0.13132095
5586,-33.845375,29.309141,11.394053,0.028252602
5587,-32.934475,29.028088,11.042094,-1.1076927
5588,-33.27247,29.19845,11.0996065,-0.9459853
5589,-31.97161,30.408966,10.797203,-1.3194323
5590,-31.585157,31.34941,10.732269,-0.9803176
5591,-29.994678,31.867933,10.918993,-1.3692498
5592,-29.925728,31.911224,10.894144,-1.5258193
5593,-29.170918,25.040377,20.140135,-3.4844995
5594,-29.156948,25.322754,20.517736,-4.292357
5595,-27.276754,25.375616,19.426048,-4.623747
5596,-26.522911,25.716972,19.59015,-5.0909996
5597,-23.575771,24.75497,19.681572,-5.3135514
5598,-21.053076,25.010609,19.507593,-4.792261
5599,-21.405184,24.331326,20.525753,-4.961419
5600,-21.051586,24.524952,20.525402,-4.838252
5601,-22.203207,23.199732,27.424812,-5.5888176
5602,-21.951008,23.330742,26.627213,-4.906678
5603,-22.945202,22.499783,30.161089,-4.1759133
5604,-17.81081,3.9911807,7.1940002,3.546542
5605,12.638575,8.855987,36.059124,54.756893
5738,69.09677,59.005314,39.72562,12.028324
5739,69.80979,58.791245,42.890434,15.883356
5740,73.29938,73.35807,74.86835,67.07256
5741,71.821724,70.92265,70.95558,65.65007
5742,74.86235,62.172127,65.32604,67.206085
5743,79.006615,66.76415,12.467253,55.97228
5744,-52.66087,-95.74381,23.143948,-1.7883539
5745,-39.12233,-52.299263,27.513535,-4.6724677
5746,24.695503,-9.278655,46.73394,3.4099698
5747,28.491407,-34.993385,46.111782,-10.945749
5748,30.19101,-48.983395,46.114902,-21.350658
5749,33.62121,-24.493027,48.99879,-15.564752
5750,17.023188,-7.3283076,38.55186,-0.5207777
5751,8.814198,-11.069298,31.501966,-1.0444522
5752,3.7271202,-30.292965,28.788113,-7.559991
5753,-24.276936,-60.514473,29.09981,-8.107435
5754,-36.46685,-97.04158,12.211042,-42.84011
5755,-33.241104,-111.13074,9.170568,-80.48838
5758,16.376448,21.85601,37.434345,-41.39916
6302,66.969124,72.677055,69.37131,64.33171
6303,67.64405,68.18269,69.075325,70.037285
6304,68.16423,68.38796,69.523605,70.51163
6305,66.934715,66.00457,68.94004,71.13222
6306,67.86755,62.82836,66.44087,71.69237
6307,67.82358,62.270485,62.880646,71.56367
6308,66.84229,61.473774,61.89058,71.157364
6309,66.69719,61.21237,61.859226,71.16094
6310,66.30857,60.73943,61.150074,70.753136
6311,66.58019,60.787876,61.296642,70.90956
6312,67.15809,61.132633,61.737083,70.89399
6313,67.89607,62.101746,62.537968,70.891884
6314,65.88989,60.722126,62.929947,70.76522
6315,57.89268,51.16749,61.091053,69.660095
6316,57.635128,51.13281,61.39648,69.94208
6317,44.485188,37.15408,40.110283,68.40411
6318,42.93609,36.65635,39.249523,68.382576
6319,23.18517,17.766655,3.1082451,67.39547
6320,23.138094,17.417877,3.0003667,67.35909
6327,-0.68250895,0.24886727,38.46284,29.599983
6328,-0.47072172,18.742401,1.3539791,6.6084204
6329,-0.007915497,0.5098641,-200.95596,-190.70236
6330,-2.6463032,-0.5479336,-28.779675,-12.630951
6331,12.624365,78.6246,63.849197,57.018017
6332,12.892133,79.839195,64.98832,58.013977
6333,12.872446,79.79382,65.9204,58.417408
6334,12.364286,78.37797,66.31366,57.287563
6335,-18.958546,-443.30276,-489.70123,-126.17936
6336,-15.046799,-397.6082,-484.55234,-107.83446
6337,-11.078512,-398.76575,-483.21304,-98.51087
6466,-0.5084157,0.043219328,0.061368942,58.27576
6467,-0.41091442,67.69675,76.75225,63.538414
6468,68.68655,77.07913,77.11665,72.34387
6469,66.95116,75.97149,76.579636,72.15049
6470,72.541435,78.10599,79.01365,73.440025
6471,70.93987,76.56112,77.97117,72.91271
6472,75.80777,76.6076,78.2841,69.15624
6473,74.00996,74.953094,77.4821,68.614204
6474,77.52793,75.30743,76.3271,65.11852
6475,75.27147,73.86083,75.800255,64.602104
6476,81.25977,74.09943,68.02921,70.13552
6477,80.3293,72.789856,67.13797,69.62414
6478,69.1317,71.410355,63.550503,71.62533
6479,68.54774,70.511986,62.362682,71.05638
6480,56.06594,70.144775,60.579727,71.859566
6481,55.045204,69.82447,59.561222,71.53756
6482,46.0168,70.62088,59.021366,72.32045
6483,45.37184,70.91675,58.53542,72.43073
6484,39.514114,72.94655,58.170807,73.32883
6485,39.640545,73.568275,58.1821,73.80575
6486,39.945423,73.229614,57.445763,74.47212
6487,40.85826,73.72716,57.96778,75.259766
6488,46.73178,71.31161,58.99483,76.14632
6489,48.2799,72.34464,60.087227,77.081245
6490,56.96938,74.930725,66.00026,78.01624
6491,58.51504,76.154976,66.89595,78.57256
6492,-194.84036,-44.84271,3.8834035,-112.376144
6493,-195.06818,-45.030987,3.9895415,-112.901306
6494,10.516399,15.568579,4.3201265,-11.55864
6495,8.601469,13.96845,4.004055,-12.326538
6496,11.012327,6.294626,4.6619534,-13.380278
6497,9.715867,5.0099254,4.1185856,-13.053608
6498,9.600139,3.2461226,3.2512963,-17.385101
6499,9.051418,2.4176896,2.5872052,-16.93076
6500,9.660363,2.5279999,-0.041532516,-16.545237
6501,9.860182,2.3080826,-0.73701143,-16.410564
6502,14.045298,5.766219,-4.4487357,-14.700472
6503,14.507484,6.4307156,-4.8265815,-15.013623
6504,19.340902,12.654859,-5.91228,-13.017583
6505,20.023256,13.498724,-6.4454436,-13.405824
6506,22.667616,14.754015,-6.8855047,-12.017703
6507,23.176252,15.264738,-7.4593782,-12.356197
6508,22.891813,-3.2953382,-8.2092285,-11.473095
6509,22.975504,-3.0530334,-8.684111,-11.598706
6510,19.855177,-8.386064,-8.850372,-10.758901
6511,19.48899,-8.043015,-9.037805,-10.545015
6512,14.953595,-4.2835355,-5.492401,-9.087586
6513,14.213383,-4.3545365,-5.4816723,-8.710194
6649,-76.74654,-52.299057,-127.55475,-114.49509
6725,36.713577,14.862883,-6.884563,-166.02927
7256,71.97225,61.336308,33.256317,9.930682
7263,0.384593,78.211334,77.72384,67.62979
7264,66.69768,77.347984,67.386116,73.98761
7706,-0.524354,72.65051,25.120825,37.157463
7708,-23.314703,-60.052933,-94.187805,-62.310886
7709,-5.322051,-28.387642,-88.12898,-70.706406
7711,16.353876,-10.871923,-19.197893,-18.904793
7712,16.449053,-10.794163,-19.176495,-18.93841
7713,15.516919,-10.617744,-19.077814,-19.883596
7714,15.59444,-10.559893,-19.063461,-19.926334
7715,11.059875,-10.666275,-18.917131,-22.062672
7716,11.19479,-10.648131,-18.870222,-22.061968
7717,6.912798,-10.6418495,-18.740345,-23.667706
7718,7.061571,-10.683525,-18.749893,-23.651672
7719,3.9675057,-10.521519,-18.709766,-24.531185
7720,3.9924383,-10.608948,-18.745815,-24.544287
7721,2.0179331,-10.453534,-18.574142,-24.65247
7722,1.9593596,-10.551858,-18.567514,-24.680006
7723,0.89247227,-10.42794,-18.295681,-24.23079
7724,0.8617997,-10.413515,-18.207062,-24.271547
7725,0.20224452,-9.348499,-17.89391,-23.56888
7726,0.1994133,-9.164297,-17.812527,-23.560774
7727,-0.23524761,-7.235813,-17.498302,-22.933817
7728,-0.21897554,-7.0294023,-17.463482,-22.910797
7729,-0.46494007,-5.850327,-17.156124,-22.559118
7730,-0.43110847,-5.71754,-17.134989,-22.534348
7731,-0.55208206,-5.295241,-16.837729,-22.435617
7732,-0.509274,-5.2658916,-16.8342,-22.439098
7733,-0.33003092,-5.286491,-16.690636,-22.524977
7734,-0.2858162,-5.4241776,-16.79455,-22.581923
7735,-0.18274784,-5.7574153,-16.865599,-22.75964
7736,-0.8264065,-64.0217,-64.13115,-100.36628
7737,-1.649487,-64.27941,-63.945473,-100.52407
7738,-1.9477367,-63.03997,-64.88542,-100.00169
7739,-2.401781,-59.037197,-62.95506,-99.65089
7740,-2.538085,-55.406525,-63.722862,-99.76379
7741,-2.2122025,-46.990524,-58.30182,-99.70105
7742,-2.0804882,-41.80287,-59.307014,-100.38693
7743,-0.499022,-27.20846,-50.593376,-100.76773
7744,-0.11382103,-21.537579,-50.97884,-101.81756
7745,2.7772784,-0.12995005,-39.388702,-102.5763
7746,3.0950844,1.5528083,-38.867413,-103.9253
7747,5.533701,-3.4689784,-28.751099,-104.957436
7748,5.434811,-8.022833,-29.876625,-106.66029
7749,6.223756,-16.843819,-23.505604,-107.62954
7750,5.469698,-22.687185,-25.546015,-109.633804
7751,4.5461774,-29.26625,-25.0046,-111.25958
7752,3.3369184,-35.25661,-28.707897,-113.54048
7968,0.20105839,-238.32047,-362.48746,-333.98868
7969,0.20666122,-256.8095,-353.9088,-338.3705
7970,0.8672893,-69.485725,42.72555,21.877867
7971,0.8153081,-67.746315,49.694027,18.038923
7972,0.8812368,-60.899376,52.23677,17.400515
7973,1.2631893,-9.467077,49.96006,15.537649
7974,1.294148,-17.185413,50.164127,15.142906
7975,1.355058,-23.179554,50.5208,14.892685
7976,9.65246,-27.404476,47.939278,11.506134
7977,8.582759,-34.74629,45.43902,10.912949
7978,14.531004,28.923172,37.03629,12.424719
7979,15.327417,22.546577,38.146313,11.974049
7980,18.675482,18.986368,39.53063,11.746001
7981,43.978912,35.492683,40.946083,10.049945
7982,48.004677,35.06859,39.971405,9.71269
7983,51.549946,43.559273,36.343796,9.985572
7984,63.617336,53.615086,35.463436,11.014498
7985,61.290752,52.58783,35.974186,11.315661
7986,57.768433,52.085995,36.40753,11.029446
7987,41.24291,55.582703,41.70658,9.878492
7988,45.167976,54.950916,40.38019,9.577095
7989,49.41736,54.633457,40.043236,10.100323
7990,56.32748,51.565216,45.410507,10.914344
7991,53.616524,50.13968,46.614223,10.817921
7992,50.700344,49.85994,48.278843,10.526919
7993,42.09761,50.964905,50.74344,9.834587
7994,45.18801,49.416172,51.21404,10.093725
7995,48.654755,48.94101,52.55692,10.053712
7996,58.072365,54.809467,49.516838,11.171257
7997,54.140236,52.861275,46.683853,11.708254
7998,50.729656,52.147747,44.840126,11.483431
7999,48.436134,52.230053,43.645657,10.994119
8000,47.688545,48.61998,38.44236,11.097908
8001,49.054157,47.8451,37.929325,11.00685
8002,51.25938,49.22055,37.379486,11.451876
8003,56.651283,50.7153,37.69992,13.272423
8004,52.39798,48.090275,37.75357,13.685947
8005,48.62333,47.703773,37.28057,13.455844
8006,0.34385324,-119.69433,-112.600876,-66.250084
8022,-0.26214123,0.085407495,-186.14278,-203.97563
8023,39.770996,3.2755435,-21.144068,-30.604053
8024,39.643867,2.1984577,-21.269726,-30.762375
8025,34.3151,-2.7133942,-21.046448,-31.986809
8026,33.572422,-3.8861632,-21.21625,-32.350243
8027,19.87806,-18.900908,-21.204067,-36.17376
8028,17.325645,-22.210634,-20.685982,-36.97374
8029,16.240835,-22.517717,-19.7608,-37.228348
8030,15.378642,-22.583496,-19.962788,-37.52129
8031,13.14382,-22.2831,-19.142258,-37.436176
8032,12.871045,-22.276592,-19.213856,-37.66048
8033,8.667856,-22.228813,-18.361902,-37.303806
8034,8.658129,-22.134268,-18.144571,-37.440037
8035,4.376495,-22.050453,-17.572535,-37.037575
8036,4.15529,-21.535374,-17.077648,-37.12565
8037,2.595812,-21.224808,-17.037642,-36.870064
8038,2.5752187,-20.747543,-16.485893,-36.981236
8173,38.08952,34.238094,2.7415872,-0.528872
8308,0.60819983,-6.466186,-36.098396,-44.077515
8309,0.57536364,-6.207609,-34.64594,-43.938316
8310,62.61754,33.523888,65.18983,53.157616
8311,60.815872,32.13626,64.57138,53.02795
8312,59.00512,28.248096,61.75822,53.129242
8313,71.34035,37.982075,66.31288,57.585777
8314,67.285324,38.524593,62.9023,55.590786
8315,61.810017,36.35552,58.382626,53.694145
8316,59.385384,37.312103,68.10338,51.81497
8317,58.571404,36.224842,66.49255,52.32914
8318,57.243546,32.914837,63.528633,52.787037
8319,57.58262,25.887703,60.524513,55.53956
8320,60.21415,26.888157,62.54351,57.2073
8421,80.27359,75.09024,54.40157,54.04781
8422,63.73878,27.553177,42.549603,17.67432
8423,59.681606,15.949142,39.600475,15.247899
8424,50.58209,6.6702724,16.166275,24.132168
8425,49.907692,-7.5596213,17.455238,18.15726
8428,45.63734,21.409231,40.34675,14.8902
8429,32.250553,13.939935,22.875517,16.328388
8430,48.051113,28.144037,28.463531,22.839993
8431,45.201595,23.567272,23.800623,18.11285
8432,41.103233,19.030268,20.64439,13.747036
8433,38.94095,23.13251,25.459475,11.588324
8556,0.35650134,-0.10120869,-0.3709793,0.09253025
8557,0.18704534,-83.61225,-250.5728,-25.775969
8558,0.28058887,-87.9684,-247.97084,-28.157377
8559,0.20192862,-85.713264,-253.68195,-26.377142
8560,0.3030479,-90.3111,-251.7351,-28.791868
8561,0.22355914,-89.079025,-259.69006,-28.008795
8562,0.3228128,-94.06916,-258.62524,-30.72976
8563,0.241822,-93.3441,-267.3676,-30.478752
8564,0.33951998,-98.02413,-266.36526,-33.23287
8565,0.2529204,-96.57266,-274.62643,-32.993305
8566,0.35023093,-100.51916,-273.1181,-35.31883
8567,0.2557814,-97.8495,-278.90768,-34.675453
8568,0.34869313,-101.655075,-277.4576,-35.954033
8569,0.24099946,-97.39708,-282.23953,-35.156525
8570,0.32901764,-100.997475,-279.90585,-36.022995
8571,0.20979047,-95.13234,-286.01987,-34.84472
8572,0.29742718,-99.23159,-284.42563,-34.622692
8573,0.17792583,-93.993256,-283.29175,-31.424845
8574,0.2745509,-96.46411,-279.6033,-30.110323
8575,0.16251206,-89.22571,-275.26962,-25.638569
8576,0.26328564,-89.34256,-266.79117,-24.21342
8577,0.16649961,-82.24292,-257.62378,-19.679714
8578,0.2735257,-82.780334,-250.5306,-19.223547
8579,0.1821816,-74.47064,-245.57869,-15.299166
8580,0.28409958,-77.14367,-240.03424,-16.821718
8581,0.19464493,-74.197296,-239.45651,-13.3279085
8582,0.16434789,-81.13165,-228.0632,-14.692986
8583,0.07784963,-80.02584,-228.47955,-10.760546
8584,0.17194152,-82.8634,-225.27673,-15.62084
8585,0.08534789,-80.481064,-226.50868,-12.197423
8586,0.16918182,-83.210205,-223.89383,-17.985285
8587,0.07772446,-78.617165,-228.31299,-16.019571
8588,0.14772415,-80.60484,-225.84856,-22.473288
8589,0.051528215,-75.61771,-245.3799,-25.175894
8590,0.11536479,-77.50157,-242.95688,-31.468678
8591,0.015938282,-74.361084,-260.77176,-37.02929
8592,0.08072257,-77.00801,-259.75424,-41.986824
8593,-0.012362003,-73.058495,-266.24033,-41.609837
8594,0.05840063,-73.459496,-263.89627,-45.790863
8595,-0.025618076,-68.380165,-266.22873,-43.689583
8596,0.052803755,-68.191086,-263.25366,-47.220768
8597,-0.020253658,-66.86684,-268.0947,-45.09499
8598,0.06096363,-69.86018,-268.13702,-47.946453
8599,-0.006401539,-72.47719,-276.12805,-46.862244
8600,0.081163645,-75.76326,-276.8203,-49.804592
8601,0.018566847,-77.919174,-284.94095,-50.362743
8602,0.102978945,-79.197945,-285.0738,-53.639378
8603,0.044995546,-80.101204,-293.4246,-54.39607
8604,0.1221776,-79.89453,-293.39035,-56.952812
8605,0.053560734,-78.876114,-299.53387,-57.87623
8606,0.1149416,-78.05676,-299.09262,-59.569633
8607,0.037777424,-74.06533,-303.5542,-60.830593
8608,0.08152127,-73.48325,-302.5416,-62.019684
8609,-0.0038146973,-67.48663,-308.21497,-64.268234
8610,0.0313282,-68.40632,-308.0419,-64.27671
8611,-0.049328804,-65.612366,-308.27628,-64.5621
8612,-0.008499622,-65.9847,-306.76407,-63.072075
8613,-0.06309748,-69.13955,-303.82642,-61.733925
8614,-0.020861626,-66.08923,-297.5224,-59.014248
8615,-0.062441826,-57.17095,-287.39792,-57.646633
8616,-0.020766258,-54.86268,-281.29947,-54.79412
8712,47.66385,54.428463,57.867718,64.98835
8713,41.15273,50.016327,50.00694,45.784855
8714,39.66552,44.74482,48.092884,46.558804
8715,38.4159,49.06084,41.411694,39.76947
8786,-0.43364763,29.928219,82.29159,77.18404
8795,-0.46138763,5.19833,-1.0790467,13.09526
8831,0.57278275,0.0259161,-0.15997887,0.63189864
8832,-0.52683353,20.971466,23.162668,51.93954
8892,0.8047819,-0.16243458,-138.7373,-208.05698
8893,0.35578012,-0.03813505,-0.05979538,-29.431868
8953,4.159212,80.47309,72.187065,65.550354
8954,45.29271,51.334106,30.184084,49.094917
8964,3.7116826,68.10549,76.776024,75.592
8965,44.533848,68.4224,59.83217,73.175514
8966,50.199074,29.27748,63.498802,32.216465
9010,-0.17207861,0.01912117,0.016832352,15.1475725
9011,0.7549226,55.971546,17.537308,10.28173
9012,0.7829845,-0.20234585,-2.6484132,-38.284992
9035,18.77104,25.112331,25.098509,10.789835
9042,64.97462,47.23457,15.940994,-18.630016
9054,63.335228,60.836983,44.05254,42.786884
9092,48.4375,75.80021,68.64416,57.55173
9093,75.39199,65.53251,48.92117,31.674767
9146,-0.61734915,-0.00019073486,58.015587,21.061134
9162,-0.48627853,66.94368,57.93937,45.522396
9163,30.498446,58.304573,-40.79169,-25.739788
9164,74.59698,84.35365,64.17837,59.655888
9207,0.69025755,-0.019037724,-0.51311255,0.42267442
9208,-0.49660206,0.029879808,52.57681,45.829327
9209,-0.6968379,0.29461384,53.513382,-4.0806174
